{"data":"{\"year\": \"2018\", \"region_code\": \"10011\", \"region_name\": \"Ненецкий АО\", \"month_first\": 1, \"month_last\": 4, \"cards\": [{\"KartId\": 209188283, \"rowNum\": 1, \"date\": \"31.03.2018\", \"Time\": \"19:30\", \"District\": \"Заполярный район\", \"DTP_V\": \"Столкновение\", \"POG\": 0, \"RAN\": 1, \"K_TS\": 2, \"K_UCH\": 2, \"infoDtp\": {\"ndu\": [\"Не установлены\"], \"sdor\": [\"Перегон (нет объектов на месте ДТП)\"], \"ts_info\": [{\"n_ts\": \"1\", \"ts_s\": \"Нет\", \"t_ts\": \"Самосвалы\", \"marka_ts\": \"Прочие марки ТС\", \"m_ts\": \"Прочие марки и модели ТС\", \"color\": \"Желтый\", \"r_rul\": \"Задний\", \"g_v\": \"2013\", \"m_pov\": \"\", \"t_n\": \"Технические неисправности отсутствуют\", \"f_sob\": \"Частная собственность\", \"o_pf\": \"Физические лица\", \"ts_uch\": [{\"K_UCH\": \"Водитель\", \"NPDD\": [\"Выезд на полосу встречного движения\"], \"S_T\": \"Не пострадал\", \"POL\": \"Мужской\", \"V_ST\": \"23\", \"ALCO\": \"\", \"SOP_NPDD\": [\"Нарушение правил расположения ТС на проезжей части\"], \"SAFETY_BELT\": \"Нет\", \"S_SM\": \"Нет (не скрывался)\", \"N_UCH\": \"2\", \"S_SEAT_GROUP\": \"\", \"INJURED_CARD_ID\": \"\"}]}, {\"n_ts\": \"2\", \"ts_s\": \"Нет\", \"t_ts\": \"Самосвалы\", \"marka_ts\": \"Прочие марки ТС\", \"m_ts\": \"Прочие марки и модели ТС\", \"color\": \"Белый\", \"r_rul\": \"Задний\", \"g_v\": \"2017\", \"m_pov\": \"\", \"t_n\": \"Технические неисправности отсутствуют\", \"f_sob\": \"Иное\", \"o_pf\": \"Юридические лица, являющиеся некоммерческими организациями\", \"ts_uch\": [{\"K_UCH\": \"Водитель\", \"NPDD\": [\"Нет нарушений\"], \"S_T\": \"Раненый, находящийся (находившийся)  на амбулаторном лечении, либо которому по характеру полученных травм обозначена необходимость амбулаторного лечения (вне зависимости от его фактического прохождения)\", \"POL\": \"Мужской\", \"V_ST\": \"7\", \"ALCO\": \"\", \"SOP_NPDD\": [\"Нет нарушений\"], \"SAFETY_BELT\": \"Нет\", \"S_SM\": \"Нет (не скрывался)\", \"N_UCH\": \"1\", \"S_SEAT_GROUP\": \"\", \"INJURED_CARD_ID\": \"\"}]}], \"n_p\": \"\", \"street\": \"\", \"house\": \"\", \"dor\": \"\", \"km\": \"0\", \"m\": \"0\", \"k_ul\": \"Вне НП\", \"dor_k\": \"\", \"dor_z\": \"Другие места\", \"factor\": [\"Сведения отсутствуют\"], \"s_pog\": [\"Ясно\"], \"s_pch\": \"Со снежным накатом\", \"osv\": \"В темное время суток, освещение отсутствует\", \"change_org_motion\": \"Движение частично перекрыто\", \"s_dtp\": \"200\", \"COORD_W\": \"67.\", \"COORD_L\": \"53.\", \"OBJ_DTP\": [\"Отсутствие в непосредственной близости объектов УДС и объектов притяжения\"], \"uchInfo\": []}}, {\"KartId\": 209188284, \"rowNum\": 2, \"date\": \"21.03.2018\", \"Time\": \"15:00\", \"District\": \"Заполярный район\", \"DTP_V\": \"Опрокидывание\", \"POG\": 0, \"RAN\": 1, \"K_TS\": 1, \"K_UCH\": 1, \"infoDtp\": {\"ndu\": [\"Не установлены\"], \"sdor\": [\"Иное место\"], \"ts_info\": [{\"n_ts\": \"1\", \"ts_s\": \"Нет\", \"t_ts\": \"Снегоходы\", \"marka_ts\": \"Прочие марки ТС\", \"m_ts\": \"Прочие марки и модели ТС\", \"color\": \"Оранжевый\", \"r_rul\": \"Иной\", \"g_v\": \"1995\", \"m_pov\": \"\", \"t_n\": \"Не устанавливались\", \"f_sob\": \"Частная собственность\", \"o_pf\": \"Физические лица\", \"ts_uch\": [{\"K_UCH\": \"Водитель\", \"NPDD\": [\"Нарушение правил расположения ТС на проезжей части\"], \"S_T\": \"Раненый, находящийся (находившийся) на стационарном лечении\", \"POL\": \"Мужской\", \"V_ST\": \"4\", \"ALCO\": \"05\", \"SOP_NPDD\": [\"Управление ТС в состоянии алкогольного опьянения\"], \"SAFETY_BELT\": \"Нет\", \"S_SM\": \"Нет (не скрывался)\", \"N_UCH\": \"1\", \"S_SEAT_GROUP\": \"\", \"INJURED_CARD_ID\": \"\"}]}], \"n_p\": \"п Каратайка\", \"street\": \"ул Центральная\", \"house\": \"93\", \"dor\": \"\", \"km\": \"\", \"m\": \"\", \"k_ul\": \"Поселковые дороги\", \"dor_k\": \"\", \"dor_z\": \"Местного значения (дороги местного значения, включая относящиеся к собственности поселений, муниципальных районов, городских округов)\", \"factor\": [\"Сведения отсутствуют\"], \"s_pog\": [\"Ясно\"], \"s_pch\": \"Заснеженное\", \"osv\": \"Светлое время суток\", \"change_org_motion\": \"Режим движения не изменялся\", \"s_dtp\": \"610\", \"COORD_W\": \"67.75869\", \"COORD_L\": \"61.421622\", \"OBJ_DTP\": [\"Жилые дома индивидуальной застройки\"], \"uchInfo\": []}}, {\"KartId\": 209153901, \"rowNum\": 3, \"date\": \"14.03.2018\", \"Time\": \"23:38\", \"District\": \"Заполярный район\", \"DTP_V\": \"Наезд на лицо, не являющееся участником дорожного движения, осуществляющее производство работ\", \"POG\": 1, \"RAN\": 0, \"K_TS\": 1, \"K_UCH\": 2, \"infoDtp\": {\"ndu\": [\"Не установлены\"], \"sdor\": [\"Перегон (нет объектов на месте ДТП)\"], \"ts_info\": [{\"n_ts\": \"1\", \"ts_s\": \"Нет\", \"t_ts\": \"Самосвалы\", \"marka_ts\": \"Прочие марки ТС\", \"m_ts\": \"Прочие марки и модели ТС\", \"color\": \"Белый\", \"r_rul\": \"Полноприводный\", \"g_v\": \"2017\", \"m_pov\": \"\", \"t_n\": \"Технические неисправности отсутствуют\", \"f_sob\": \"Частная собственность\", \"o_pf\": \"Юридические лица, являющиеся некоммерческими организациями\", \"ts_uch\": [{\"K_UCH\": \"Водитель\", \"NPDD\": [\"Несоблюдение условий, разрешающих движение транспорта задним ходом\"], \"S_T\": \"Не пострадал\", \"POL\": \"Мужской\", \"V_ST\": \"21\", \"ALCO\": \"\", \"SOP_NPDD\": [\"Нет нарушений\"], \"SAFETY_BELT\": \"Нет\", \"S_SM\": \"Нет (не скрывался)\", \"N_UCH\": \"2\", \"S_SEAT_GROUP\": \"\", \"INJURED_CARD_ID\": \"\"}]}], \"n_p\": \"\", \"street\": \"\", \"house\": \"\", \"dor\": \"\", \"km\": \"0\", \"m\": \"0\", \"k_ul\": \"Вне НП\", \"dor_k\": \"\", \"dor_z\": \"Другие места\", \"factor\": [\"Сведения отсутствуют\"], \"s_pog\": [\"Ясно\"], \"s_pch\": \"Сухое\", \"osv\": \"В темное время суток, освещение отсутствует\", \"change_org_motion\": \"Движение полностью перекрыто\", \"s_dtp\": \"880\", \"COORD_W\": \"67.7725\", \"COORD_L\": \"57.7914\", \"OBJ_DTP\": [\"Отсутствие в непосредственной близости объектов УДС и объектов притяжения\"], \"uchInfo\": []}}, {\"KartId\": 209153898, \"rowNum\": 4, \"date\": \"01.03.2018\", \"Time\": \"11:15\", \"District\": \"Заполярный район\", \"DTP_V\": \"Наезд на препятствие\", \"POG\": 0, \"RAN\": 1, \"K_TS\": 1, \"K_UCH\": 1, \"infoDtp\": {\"ndu\": [\"Не установлены\"], \"sdor\": [\"Иное место\"], \"ts_info\": [{\"n_ts\": \"1\", \"ts_s\": \"Нет\", \"t_ts\": \"Снегоходы\", \"marka_ts\": \"Прочие марки ТС\", \"m_ts\": \"Прочие марки и модели ТС\", \"color\": \"Многоцветный\", \"r_rul\": \"Иной\", \"g_v\": \"1999\", \"m_pov\": \"\", \"t_n\": \"Иные неисправности\", \"f_sob\": \"Частная собственность\", \"o_pf\": \"Физические лица\", \"ts_uch\": [{\"K_UCH\": \"Водитель\", \"NPDD\": [\"Эксплуатация технически неисправного ТС (проставляется в случае ДТП по причине технеисправности)\", \"Другие нарушения ПДД водителем\"], \"S_T\": \"Раненый, находящийся (находившийся)  на амбулаторном лечении, либо которому по характеру полученных травм обозначена необходимость амбулаторного лечения (вне зависимости от его фактического прохождения)\", \"POL\": \"Мужской\", \"V_ST\": \"95\", \"ALCO\": \"\", \"SOP_NPDD\": [\"Управление ТС лицом, не имеющим права на управление ТС\"], \"SAFETY_BELT\": \"Нет\", \"S_SM\": \"Нет (не скрывался)\", \"N_UCH\": \"1\", \"S_SEAT_GROUP\": \"\", \"INJURED_CARD_ID\": \"\"}]}], \"n_p\": \"п Хорей-Вер\", \"street\": \"ул Центральная\", \"house\": \"24\", \"dor\": \"\", \"km\": \"\", \"m\": \"\", \"k_ul\": \"Поселковые дороги\", \"dor_k\": \"\", \"dor_z\": \"Местного значения (дороги местного значения, включая относящиеся к собственности поселений, муниципальных районов, городских округов)\", \"factor\": [\"Сведения отсутствуют\"], \"s_pog\": [\"Ясно\", \"Температура ниже -30С\"], \"s_pch\": \"Заснеженное\", \"osv\": \"Светлое время суток\", \"change_org_motion\": \"Режим движения не изменялся\", \"s_dtp\": \"990\", \"COORD_W\": \"67.7008\", \"COORD_L\": \"58.0772\", \"OBJ_DTP\": [\"Жилые дома индивидуальной застройки\"], \"uchInfo\": []}}, {\"KartId\": 208914807, \"rowNum\": 5, \"date\": \"03.02.2018\", \"Time\": \"16:58\", \"District\": \"Нарьян-Мар\", \"DTP_V\": \"Наезд на пешехода\", \"POG\": 0, \"RAN\": 1, \"K_TS\": 1, \"K_UCH\": 2, \"infoDtp\": {\"ndu\": [\"Отсутствие дорожных ограждений в необходимых местах\"], \"sdor\": [\"Перегон (нет объектов на месте ДТП)\"], \"ts_info\": [{\"n_ts\": \"1\", \"ts_s\": \"Нет\", \"t_ts\": \"Прочие\", \"marka_ts\": \"УРАЛ\", \"m_ts\": \"Прочие модели Урал\", \"color\": \"Зеленый\", \"r_rul\": \"Полноприводный\", \"g_v\": \"1985\", \"m_pov\": \"\", \"t_n\": \"Технические неисправности отсутствуют\", \"f_sob\": \"Частная собственность\", \"o_pf\": \"Физические лица\", \"ts_uch\": [{\"K_UCH\": \"Водитель\", \"NPDD\": [\"Нет нарушений\"], \"S_T\": \"Не пострадал\", \"POL\": \"Мужской\", \"V_ST\": \"5\", \"ALCO\": \"\", \"SOP_NPDD\": [\"Нет нарушений\"], \"SAFETY_BELT\": \"Нет\", \"S_SM\": \"Нет (не скрывался)\", \"N_UCH\": \"2\", \"S_SEAT_GROUP\": \"\", \"INJURED_CARD_ID\": \"\"}]}], \"n_p\": \"г Нарьян-Мар\", \"street\": \"ул им 60-летия Октября\", \"house\": \"48\", \"dor\": \"\", \"km\": \"\", \"m\": \"\", \"k_ul\": \"Улицы и дороги местного значения в жилой застройке\", \"dor_k\": \"\", \"dor_z\": \"Местного значения (дороги местного значения, включая относящиеся к собственности поселений, муниципальных районов, городских округов)\", \"factor\": [\"Сведения отсутствуют\"], \"s_pog\": [\"Ясно\"], \"s_pch\": \"Со снежным накатом\", \"osv\": \"В темное время суток, освещение включено\", \"change_org_motion\": \"Движение частично перекрыто\", \"s_dtp\": \"820\", \"COORD_W\": \"67.644491\", \"COORD_L\": \"53.044393\", \"OBJ_DTP\": [\"Жилые дома индивидуальной застройки\", \"Многоквартирные жилые дома\", \"Одиночный торговый объект, являющийся местом притяжения транспорта и (или) пешеходов\"], \"uchInfo\": [{\"K_UCH\": \"Пешеход\", \"NPDD\": [\"Переход через проезжую часть вне пешеходного перехода в зоне его видимости либо при наличии в непосредственной близости подземного (надземного) пешеходного перехода\"], \"S_T\": \"Раненый, находящийся (находившийся) на стационарном лечении\", \"POL\": \"Мужской\", \"V_ST\": \"\", \"ALCO\": \"\", \"SOP_NPDD\": [\"Пешеход в возрасте до 7 лет без взрослого\"], \"S_SM\": \"Нет (не скрывался)\", \"N_UCH\": \"1\"}]}}, {\"KartId\": 208751854, \"rowNum\": 6, \"date\": \"30.01.2018\", \"Time\": \"13:00\", \"District\": \"Заполярный район\", \"DTP_V\": \"Опрокидывание\", \"POG\": 0, \"RAN\": 2, \"K_TS\": 1, \"K_UCH\": 4, \"infoDtp\": {\"ndu\": [\"Не установлены\"], \"sdor\": [\"Перегон (нет объектов на месте ДТП)\"], \"ts_info\": [{\"n_ts\": \"1\", \"ts_s\": \"Нет\", \"t_ts\": \"D-класс (средний) до 4,6 м\", \"marka_ts\": \"SKODA\", \"m_ts\": \"Octavia\", \"color\": \"Черный\", \"r_rul\": \"Передний\", \"g_v\": \"2008\", \"m_pov\": \"\", \"t_n\": \"Технические неисправности отсутствуют\", \"f_sob\": \"Частная собственность\", \"o_pf\": \"Физические лица\", \"ts_uch\": [{\"K_UCH\": \"Водитель\", \"NPDD\": [\"Нарушение правил расположения ТС на проезжей части\"], \"S_T\": \"Не пострадал\", \"POL\": \"Мужской\", \"V_ST\": \"8\", \"ALCO\": \"\", \"SOP_NPDD\": [\"Оставление места ДТП\"], \"SAFETY_BELT\": \"Нет\", \"S_SM\": \"Нет (не скрывался)\", \"N_UCH\": \"3\", \"S_SEAT_GROUP\": \"\", \"INJURED_CARD_ID\": \"\"}, {\"K_UCH\": \"Пассажир\", \"NPDD\": [\"Нет нарушений\"], \"S_T\": \"Раненый, находящийся (находившийся) на стационарном лечении\", \"POL\": \"Мужской\", \"V_ST\": \"\", \"ALCO\": \"\", \"SOP_NPDD\": [\"Нет нарушений\"], \"SAFETY_BELT\": \"Нет\", \"S_SM\": \"Нет (не скрывался)\", \"N_UCH\": \"1\", \"S_SEAT_GROUP\": \"\", \"INJURED_CARD_ID\": \"\"}, {\"K_UCH\": \"Пассажир\", \"NPDD\": [\"Нет нарушений\"], \"S_T\": \"Не пострадал\", \"POL\": \"Не определен\", \"V_ST\": \"\", \"ALCO\": \"\", \"SOP_NPDD\": [\"Нет нарушений\"], \"SAFETY_BELT\": \"Нет\", \"S_SM\": \"Нет (не скрывался)\", \"N_UCH\": \"4\", \"S_SEAT_GROUP\": \"\", \"INJURED_CARD_ID\": \"\"}, {\"K_UCH\": \"Пассажир\", \"NPDD\": [\"Нет нарушений\"], \"S_T\": \"Раненый, находящийся (находившийся) на стационарном лечении\", \"POL\": \"Не определен\", \"V_ST\": \"\", \"ALCO\": \"\", \"SOP_NPDD\": [\"Нет нарушений\"], \"SAFETY_BELT\": \"Нет\", \"S_SM\": \"Нет (не скрывался)\", \"N_UCH\": \"2\", \"S_SEAT_GROUP\": \"\", \"INJURED_CARD_ID\": \"\"}]}], \"n_p\": \"\", \"street\": \"\", \"house\": \"\", \"dor\": \"\", \"km\": \"0\", \"m\": \"0\", \"k_ul\": \"Вне НП\", \"dor_k\": \"\", \"dor_z\": \"Другие места\", \"factor\": [\"Сведения отсутствуют\"], \"s_pog\": [\"Ясно\"], \"s_pch\": \"Со снежным накатом\", \"osv\": \"Светлое время суток\", \"change_org_motion\": \"Режим движения не изменялся\", \"s_dtp\": \"610\", \"COORD_W\": \"67.681522\", \"COORD_L\": \"53.415762\", \"OBJ_DTP\": [\"Отсутствие в непосредственной близости объектов УДС и объектов притяжения\"], \"uchInfo\": []}}, {\"KartId\": 208753376, \"rowNum\": 7, \"date\": \"28.01.2018\", \"Time\": \"15:40\", \"District\": \"Заполярный район\", \"DTP_V\": \"Опрокидывание\", \"POG\": 0, \"RAN\": 1, \"K_TS\": 1, \"K_UCH\": 1, \"infoDtp\": {\"ndu\": [\"Не установлены\"], \"sdor\": [\"Перегон (нет объектов на месте ДТП)\"], \"ts_info\": [{\"n_ts\": \"1\", \"ts_s\": \"Нет\", \"t_ts\": \"Снегоходы\", \"marka_ts\": \"YAMAHA\", \"m_ts\": \"RS\", \"color\": \"Белый\", \"r_rul\": \"Иной\", \"g_v\": \"2013\", \"m_pov\": \"\", \"t_n\": \"Технические неисправности отсутствуют\", \"f_sob\": \"Частная собственность\", \"o_pf\": \"Физические лица\", \"ts_uch\": [{\"K_UCH\": \"Водитель\", \"NPDD\": [\"Нарушение правил расположения ТС на проезжей части\"], \"S_T\": \"Раненый, находящийся (находившийся) на стационарном лечении\", \"POL\": \"Мужской\", \"V_ST\": \"9\", \"ALCO\": \"\", \"SOP_NPDD\": [\"Эксплуатация незарегистрированного ТС\"], \"SAFETY_BELT\": \"Нет\", \"S_SM\": \"Нет (не скрывался)\", \"N_UCH\": \"1\", \"S_SEAT_GROUP\": \"\", \"INJURED_CARD_ID\": \"\"}]}], \"n_p\": \"п Хонгурей\", \"street\": \"\", \"house\": \"\", \"dor\": \"\", \"km\": \"0\", \"m\": \"0\", \"k_ul\": \"Вне НП\", \"dor_k\": \"\", \"dor_z\": \"Другие места\", \"factor\": [\"Сведения отсутствуют\"], \"s_pog\": [\"Метель\"], \"s_pch\": \"Со снежным накатом\", \"osv\": \"Сумерки\", \"change_org_motion\": \"Режим движения не изменялся\", \"s_dtp\": \"610\", \"COORD_W\": \"67.564767\", \"COORD_L\": \"52.023412\", \"OBJ_DTP\": [\"Отсутствие в непосредственной близости объектов УДС и объектов притяжения\"], \"uchInfo\": []}}, {\"KartId\": 208751857, \"rowNum\": 8, \"date\": \"24.01.2018\", \"Time\": \"14:00\", \"District\": \"Заполярный район\", \"DTP_V\": \"Опрокидывание\", \"POG\": 0, \"RAN\": 1, \"K_TS\": 2, \"K_UCH\": 1, \"infoDtp\": {\"ndu\": [\"Не установлены\"], \"sdor\": [\"Перегон (нет объектов на месте ДТП)\"], \"ts_info\": [{\"n_ts\": \"1\", \"ts_s\": \"Нет\", \"t_ts\": \"Седельные тягачи\", \"marka_ts\": \"УРАЛ\", \"m_ts\": \"Прочие модели Урал\", \"color\": \"Зеленый\", \"r_rul\": \"Полноприводный\", \"g_v\": \"1983\", \"m_pov\": \"\", \"t_n\": \"Технические неисправности отсутствуют\", \"f_sob\": \"Частная собственность\", \"o_pf\": \"Физические лица\", \"ts_uch\": [{\"K_UCH\": \"Водитель\", \"NPDD\": [\"Нарушение правил расположения ТС на проезжей части\"], \"S_T\": \"Раненый, находящийся (находившийся) на стационарном лечении\", \"POL\": \"Не определен\", \"V_ST\": \"15\", \"ALCO\": \"\", \"SOP_NPDD\": [\"Нет нарушений\"], \"SAFETY_BELT\": \"Нет\", \"S_SM\": \"Нет (не скрывался)\", \"N_UCH\": \"1\", \"S_SEAT_GROUP\": \"\", \"INJURED_CARD_ID\": \"\"}]}, {\"n_ts\": \"2\", \"ts_s\": \"Нет\", \"t_ts\": \"Полуприцепы прочие\", \"marka_ts\": \"\", \"m_ts\": \"\", \"color\": \"Желтый\", \"r_rul\": \"\", \"g_v\": \"1987\", \"m_pov\": \"\", \"t_n\": \"Технические неисправности отсутствуют\", \"f_sob\": \"Частная собственность\", \"o_pf\": \"Физические лица\", \"ts_uch\": []}], \"n_p\": \"\", \"street\": \"\", \"house\": \"\", \"dor\": \"\", \"km\": \"0\", \"m\": \"0\", \"k_ul\": \"Вне НП\", \"dor_k\": \"\", \"dor_z\": \"Другие места\", \"factor\": [\"Сведения отсутствуют\"], \"s_pog\": [\"Метель\"], \"s_pch\": \"Гололедица\", \"osv\": \"Светлое время суток\", \"change_org_motion\": \"Режим движения не изменялся\", \"s_dtp\": \"600\", \"COORD_W\": \"68.1242\", \"COORD_L\": \"58.2472\", \"OBJ_DTP\": [\"Отсутствие в непосредственной близости объектов УДС и объектов притяжения\"], \"uchInfo\": []}}]}"}