{"data":"{\"year\": \"2016\", \"region_code\": \"77\", \"region_name\": \"Чукотский автономный округ\", \"month_first\": 1, \"month_last\": 12, \"cards\": [{\"KartId\": 202215829, \"rowNum\": 1, \"date\": \"14.11.2016\", \"Time\": \"21:40\", \"District\": \"Чукотский район\", \"DTP_V\": \"Опрокидывание\", \"POG\": 1, \"RAN\": 0, \"K_TS\": 1, \"K_UCH\": 1, \"infoDtp\": {\"ndu\": [\"Не установлены\"], \"sdor\": [\"Перегон (нет объектов на месте ДТП)\"], \"ts_info\": [{\"n_ts\": \"1\", \"ts_s\": \"Нет\", \"t_ts\": \"В-класс (малый) до 3,9 м\", \"marka_ts\": \"TOYOTA\", \"m_ts\": \"Hilux\", \"color\": \"Красный\", \"r_rul\": \"Полноприводный\", \"g_v\": \"1995\", \"m_pov\": \"Передний левый бок (передняя дверь водителя, в случае ТС с правым расположением руля передняя дверь пассажира) | Передний левый угол | Крыша\", \"t_n\": \"Технические неисправности отсутствуют\", \"f_sob\": \"Частная собственность\", \"o_pf\": \"Физические лица\", \"ts_uch\": [{\"K_UCH\": \"Водитель\", \"NPDD\": [\"Нарушение правил расположения ТС на проезжей части\"], \"S_T\": \"Скончался на месте ДТП до приезда скорой медицинской помощи\", \"POL\": \"Мужской\", \"V_ST\": \"25\", \"ALCO\": \"\", \"SOP_NPDD\": [\"Нарушение водителем правил применения ремней безопасности (ставится в случае, когда не пристегнут водитель)\"], \"SAFETY_BELT\": \"Да\", \"S_SM\": \"Нет (не скрывался)\", \"N_UCH\": \"1\", \"S_SEAT_GROUP\": \"\", \"INJURED_CARD_ID\": \"\"}]}], \"n_p\": \"\", \"street\": \"\", \"house\": \"\", \"dor\": \"\", \"km\": \"0\", \"m\": \"0\", \"k_ul\": \"Вне НП\", \"dor_k\": \"\", \"dor_z\": \"Другие места\", \"factor\": [\"Сведения отсутствуют\"], \"s_pog\": [\"Ясно\"], \"s_pch\": \"Сухое\", \"osv\": \"В темное время суток, освещение отсутствует\", \"change_org_motion\": \"Режим движения не изменялся\", \"s_dtp\": \"600\", \"COORD_W\": \"65.97\", \"COORD_L\": \"171.9853\", \"OBJ_DTP\": [\"Отсутствие в непосредственной близости объектов УДС и объектов притяжения\"], \"uchInfo\": []}}, {\"KartId\": 200460271, \"rowNum\": 2, \"date\": \"08.10.2016\", \"Time\": \"19:00\", \"District\": \"Чукотский район\", \"DTP_V\": \"Опрокидывание\", \"POG\": 0, \"RAN\": 1, \"K_TS\": 1, \"K_UCH\": 1, \"infoDtp\": {\"ndu\": [\"Не установлены\"], \"sdor\": [\"Перегон (нет объектов на месте ДТП)\", \"Иное место\"], \"ts_info\": [{\"n_ts\": \"1\", \"ts_s\": \"Нет\", \"t_ts\": \"Квадрициклы\", \"marka_ts\": \"Прочие марки ТС\", \"m_ts\": \"Прочие марки и модели ТС\", \"color\": \"Черный\", \"r_rul\": \"Иной\", \"g_v\": \"2016\", \"m_pov\": \"Передний правый угол | Передний правый бок (передняя дверь пассажира, в случае ТС с правым расположением руля передняя дверь водителя) | Передний левый угол\", \"t_n\": \"Технические неисправности отсутствуют\", \"f_sob\": \"Частная собственность\", \"o_pf\": \"Физические лица\", \"ts_uch\": [{\"K_UCH\": \"Водитель\", \"NPDD\": [\"Несоответствие скорости конкретным условиям движения\"], \"S_T\": \"Раненый, находящийся (находившийся) на стационарном лечении\", \"POL\": \"Мужской\", \"V_ST\": \"2\", \"ALCO\": \"\", \"SOP_NPDD\": [\"Несоблюдение требований ОСАГО\", \"Эксплуатация незарегистрированного ТС\"], \"SAFETY_BELT\": \"Да\", \"S_SM\": \"Нет (не скрывался)\", \"N_UCH\": \"1\", \"S_SEAT_GROUP\": \"\", \"INJURED_CARD_ID\": \"\"}]}], \"n_p\": \"с Инчоун\", \"street\": \"ул Тынетегина\", \"house\": \"11\", \"dor\": \"\", \"km\": \"\", \"m\": \"\", \"k_ul\": \"Основные улицы\", \"dor_k\": \"\", \"dor_z\": \"Не указано\", \"factor\": [\"Сведения отсутствуют\"], \"s_pog\": [\"Дождь\"], \"s_pch\": \"Мокрое\", \"osv\": \"В темное время суток, освещение включено\", \"change_org_motion\": \"Режим движения не изменялся\", \"s_dtp\": \"990\", \"COORD_W\": \"66.298131\", \"COORD_L\": \"170.280378\", \"OBJ_DTP\": [\"Многоквартирные жилые дома\"], \"uchInfo\": []}}, {\"KartId\": 190876229, \"rowNum\": 3, \"date\": \"06.01.2016\", \"Time\": \"06:00\", \"District\": \"Чукотский район\", \"DTP_V\": \"Наезд на стоящее ТС\", \"POG\": 0, \"RAN\": 2, \"K_TS\": 2, \"K_UCH\": 5, \"infoDtp\": {\"ndu\": [\"Не установлены\"], \"sdor\": [\"Перегон (нет объектов на месте ДТП)\", \"Иное место\"], \"ts_info\": [{\"n_ts\": \"1\", \"ts_s\": \"до 1 сут.\", \"t_ts\": \"Снегоходы\", \"marka_ts\": \"Прочие марки ТС\", \"m_ts\": \"Прочие марки и модели ТС\", \"color\": \"Белый\", \"r_rul\": \"Иной\", \"g_v\": \"\", \"m_pov\": \"\", \"t_n\": \"Технические неисправности отсутствуют\", \"f_sob\": \"Частная собственность\", \"o_pf\": \"Физические лица\", \"ts_uch\": [{\"K_UCH\": \"Водитель\", \"NPDD\": [\"Другие нарушения ПДД водителем\"], \"S_T\": \"Не пострадал\", \"POL\": \"Мужской\", \"V_ST\": \"95\", \"ALCO\": \"\", \"SOP_NPDD\": [\"Управление ТС лицом, не имеющим права на управление ТС\", \"Оставление места ДТП\", \"Эксплуатация незарегистрированного ТС\"], \"SAFETY_BELT\": \"Да\", \"S_SM\": \"Скрылся, впоследствии разыскан (установлен)\", \"N_UCH\": \"4\", \"S_SEAT_GROUP\": \"\", \"INJURED_CARD_ID\": \"\"}, {\"K_UCH\": \"Пассажир\", \"NPDD\": [\"Нет нарушений\"], \"S_T\": \"Не пострадал\", \"POL\": \"Женский\", \"V_ST\": \"\", \"ALCO\": \"\", \"SOP_NPDD\": [\"Нет нарушений\"], \"SAFETY_BELT\": \"Да\", \"S_SM\": \"Скрылся, впоследствии разыскан (установлен)\", \"N_UCH\": \"5\", \"S_SEAT_GROUP\": \"\", \"INJURED_CARD_ID\": \"\"}, {\"K_UCH\": \"Пассажир\", \"NPDD\": [\"Нет нарушений\"], \"S_T\": \"Раненый, находящийся (находившийся) на стационарном лечении\", \"POL\": \"Мужской\", \"V_ST\": \"\", \"ALCO\": \"\", \"SOP_NPDD\": [\"Нет нарушений\"], \"SAFETY_BELT\": \"Да\", \"S_SM\": \"Скрылся, впоследствии разыскан (установлен)\", \"N_UCH\": \"2\", \"S_SEAT_GROUP\": \"\", \"INJURED_CARD_ID\": \"\"}]}, {\"n_ts\": \"2\", \"ts_s\": \"до 1 сут.\", \"t_ts\": \"Снегоходы\", \"marka_ts\": \"Прочие марки ТС\", \"m_ts\": \"Прочие марки и модели ТС\", \"color\": \"Белый\", \"r_rul\": \"Иной\", \"g_v\": \"\", \"m_pov\": \"Передний правый угол\", \"t_n\": \"Неисправность внешних световых приборов\", \"f_sob\": \"Частная собственность\", \"o_pf\": \"Физические лица\", \"ts_uch\": [{\"K_UCH\": \"Пассажир\", \"NPDD\": [\"Нет нарушений\"], \"S_T\": \"Не пострадал\", \"POL\": \"Мужской\", \"V_ST\": \"\", \"ALCO\": \"\", \"SOP_NPDD\": [\"Нет нарушений\"], \"SAFETY_BELT\": \"Да\", \"S_SM\": \"Скрылся, впоследствии разыскан (установлен)\", \"N_UCH\": \"3\", \"S_SEAT_GROUP\": \"\", \"INJURED_CARD_ID\": \"\"}, {\"K_UCH\": \"Водитель\", \"NPDD\": [\"Другие нарушения ПДД водителем\"], \"S_T\": \"Раненый, находящийся (находившийся)  на амбулаторном лечении, либо которому по характеру полученных травм обозначена необходимость амбулаторного лечения (вне зависимости от его фактического прохождения)\", \"POL\": \"Мужской\", \"V_ST\": \"95\", \"ALCO\": \"\", \"SOP_NPDD\": [\"Управление ТС лицом, не имеющим права на управление ТС\", \"Оставление места ДТП\", \"Эксплуатация технически неисправного ТС (проставляется в случае ДТП по причине технеисправности)\", \"Эксплуатация незарегистрированного ТС\"], \"SAFETY_BELT\": \"Да\", \"S_SM\": \"Скрылся, впоследствии разыскан (установлен)\", \"N_UCH\": \"1\", \"S_SEAT_GROUP\": \"\", \"INJURED_CARD_ID\": \"\"}]}], \"n_p\": \"с Лорино\", \"street\": \"\", \"house\": \"\", \"dor\": \"\", \"km\": \"0\", \"m\": \"0\", \"k_ul\": \"Вне НП\", \"dor_k\": \"\", \"dor_z\": \"Другие места\", \"factor\": [\"Сведения отсутствуют\"], \"s_pog\": [\"Туман\"], \"s_pch\": \"Заснеженное\", \"osv\": \"В темное время суток, освещение отсутствует\", \"change_org_motion\": \"Режим движения не изменялся\", \"s_dtp\": \"070\", \"COORD_W\": \"65.5\", \"COORD_L\": \"171.71667\", \"OBJ_DTP\": [\"Отсутствие в непосредственной близости объектов УДС и объектов притяжения\"], \"uchInfo\": []}}, {\"KartId\": 201061504, \"rowNum\": 1, \"date\": \"19.10.2016\", \"Time\": \"17:10\", \"District\": \"Чаунский район\", \"DTP_V\": \"Съезд с дороги\", \"POG\": 0, \"RAN\": 1, \"K_TS\": 1, \"K_UCH\": 3, \"infoDtp\": {\"ndu\": [\"Не установлены\"], \"sdor\": [\"Перегон (нет объектов на месте ДТП)\"], \"ts_info\": [{\"n_ts\": \"1\", \"ts_s\": \"Нет\", \"t_ts\": \"В-класс (малый) до 3,9 м\", \"marka_ts\": \"TOYOTA\", \"m_ts\": \"Hilux\", \"color\": \"Серый\", \"r_rul\": \"Передний\", \"g_v\": \"2012\", \"m_pov\": \"Задний левый бок (задняя дверь пассажира) | Передний левый бок (передняя дверь водителя, в случае ТС с правым расположением руля передняя дверь пассажира) | Крыша\", \"t_n\": \"Технические неисправности отсутствуют\", \"f_sob\": \"Собственность субъектов Российской Федерации\", \"o_pf\": \"Юридические лица, являющиеся коммерческими организациями\", \"ts_uch\": [{\"K_UCH\": \"Пассажир\", \"NPDD\": [\"Нет нарушений\"], \"S_T\": \"Не пострадал\", \"POL\": \"Мужской\", \"V_ST\": \"\", \"ALCO\": \"\", \"SOP_NPDD\": [\"Нет нарушений\"], \"SAFETY_BELT\": \"Да\", \"S_SM\": \"Нет (не скрывался)\", \"N_UCH\": \"2\", \"S_SEAT_GROUP\": \"\", \"INJURED_CARD_ID\": \"\"}, {\"K_UCH\": \"Водитель\", \"NPDD\": [\"Несоответствие скорости конкретным условиям движения\"], \"S_T\": \"Не пострадал\", \"POL\": \"Мужской\", \"V_ST\": \"9\", \"ALCO\": \"\", \"SOP_NPDD\": [\"Другие нарушения ПДД водителем\"], \"SAFETY_BELT\": \"Да\", \"S_SM\": \"Нет (не скрывался)\", \"N_UCH\": \"3\", \"S_SEAT_GROUP\": \"\", \"INJURED_CARD_ID\": \"\"}, {\"K_UCH\": \"Пассажир\", \"NPDD\": [\"Нет нарушений\"], \"S_T\": \"Раненый, находящийся (находившийся) на стационарном лечении\", \"POL\": \"Мужской\", \"V_ST\": \"\", \"ALCO\": \"\", \"SOP_NPDD\": [\"Нет нарушений\"], \"SAFETY_BELT\": \"Да\", \"S_SM\": \"Нет (не скрывался)\", \"N_UCH\": \"1\", \"S_SEAT_GROUP\": \"\", \"INJURED_CARD_ID\": \"\"}]}], \"n_p\": \"\", \"street\": \"\", \"house\": \"\", \"dor\": \"\", \"km\": \"0\", \"m\": \"0\", \"k_ul\": \"Вне НП\", \"dor_k\": \"\", \"dor_z\": \"Другие места\", \"factor\": [\"Сведения отсутствуют\"], \"s_pog\": [\"Снегопад\"], \"s_pch\": \"Со снежным накатом\", \"osv\": \"В темное время суток, освещение отсутствует\", \"change_org_motion\": \"Режим движения не изменялся\", \"s_dtp\": \"610\", \"COORD_W\": \"69.9536\", \"COORD_L\": \"169.9919\", \"OBJ_DTP\": [\"Отсутствие в непосредственной близости объектов УДС и объектов притяжения\"], \"uchInfo\": []}}, {\"KartId\": 198709710, \"rowNum\": 2, \"date\": \"10.09.2016\", \"Time\": \"07:25\", \"District\": \"Чаунский район\", \"DTP_V\": \"Опрокидывание\", \"POG\": 0, \"RAN\": 1, \"K_TS\": 1, \"K_UCH\": 7, \"infoDtp\": {\"ndu\": [\"Не установлены\"], \"sdor\": [\"Перегон (нет объектов на месте ДТП)\"], \"ts_info\": [{\"n_ts\": \"1\", \"ts_s\": \"Нет\", \"t_ts\": \"В-класс (малый) до 3,9 м\", \"marka_ts\": \"ВАЗ\", \"m_ts\": \"ВАЗ 2123 и модификации\", \"color\": \"Серый\", \"r_rul\": \"Полноприводный\", \"g_v\": \"2005\", \"m_pov\": \"Передний правый угол | Передний левый бок (передняя дверь водителя, в случае ТС с правым расположением руля передняя дверь пассажира) | Передний левый угол\", \"t_n\": \"Технические неисправности отсутствуют\", \"f_sob\": \"Частная собственность\", \"o_pf\": \"Физические лица\", \"ts_uch\": [{\"K_UCH\": \"Пассажир\", \"NPDD\": [\"Иные нарушения\"], \"S_T\": \"Не пострадал\", \"POL\": \"Мужской\", \"V_ST\": \"\", \"ALCO\": \"\", \"SOP_NPDD\": [\"Нарушение правил применения ремней безопасности пассажиром\"], \"SAFETY_BELT\": \"Нет\", \"S_SM\": \"Нет (не скрывался)\", \"N_UCH\": \"5\", \"S_SEAT_GROUP\": \"\", \"INJURED_CARD_ID\": \"\"}, {\"K_UCH\": \"Пассажир\", \"NPDD\": [\"Иные нарушения\"], \"S_T\": \"Не пострадал\", \"POL\": \"Мужской\", \"V_ST\": \"\", \"ALCO\": \"\", \"SOP_NPDD\": [\"Нарушение правил применения ремней безопасности пассажиром\"], \"SAFETY_BELT\": \"Нет\", \"S_SM\": \"Нет (не скрывался)\", \"N_UCH\": \"4\", \"S_SEAT_GROUP\": \"\", \"INJURED_CARD_ID\": \"\"}, {\"K_UCH\": \"Пассажир\", \"NPDD\": [\"Иные нарушения\"], \"S_T\": \"Не пострадал\", \"POL\": \"Мужской\", \"V_ST\": \"\", \"ALCO\": \"\", \"SOP_NPDD\": [\"Нарушение правил применения ремней безопасности пассажиром\"], \"SAFETY_BELT\": \"Нет\", \"S_SM\": \"Нет (не скрывался)\", \"N_UCH\": \"3\", \"S_SEAT_GROUP\": \"\", \"INJURED_CARD_ID\": \"\"}, {\"K_UCH\": \"Пассажир\", \"NPDD\": [\"Иные нарушения\"], \"S_T\": \"Не пострадал\", \"POL\": \"Мужской\", \"V_ST\": \"\", \"ALCO\": \"\", \"SOP_NPDD\": [\"Нарушение правил применения ремней безопасности пассажиром\"], \"SAFETY_BELT\": \"Нет\", \"S_SM\": \"Нет (не скрывался)\", \"N_UCH\": \"6\", \"S_SEAT_GROUP\": \"\", \"INJURED_CARD_ID\": \"\"}, {\"K_UCH\": \"Пассажир\", \"NPDD\": [\"Нет нарушений\"], \"S_T\": \"Не пострадал\", \"POL\": \"Мужской\", \"V_ST\": \"\", \"ALCO\": \"\", \"SOP_NPDD\": [\"Нарушение правил применения ремней безопасности пассажиром\"], \"SAFETY_BELT\": \"Нет\", \"S_SM\": \"Нет (не скрывался)\", \"N_UCH\": \"2\", \"S_SEAT_GROUP\": \"\", \"INJURED_CARD_ID\": \"\"}, {\"K_UCH\": \"Водитель\", \"NPDD\": [\"Другие нарушения ПДД водителем\"], \"S_T\": \"Не пострадал\", \"POL\": \"Мужской\", \"V_ST\": \"95\", \"ALCO\": \"\", \"SOP_NPDD\": [\"Управление ТС лицом, не имеющим права на управление ТС\"], \"SAFETY_BELT\": \"Да\", \"S_SM\": \"Нет (не скрывался)\", \"N_UCH\": \"7\", \"S_SEAT_GROUP\": \"\", \"INJURED_CARD_ID\": \"\"}, {\"K_UCH\": \"Пассажир\", \"NPDD\": [\"Нет нарушений\"], \"S_T\": \"Раненый, находящийся (находившийся)  на амбулаторном лечении, либо которому по характеру полученных травм обозначена необходимость амбулаторного лечения (вне зависимости от его фактического прохождения)\", \"POL\": \"Женский\", \"V_ST\": \"\", \"ALCO\": \"\", \"SOP_NPDD\": [\"Нарушение правил применения ремней безопасности пассажиром\"], \"SAFETY_BELT\": \"Нет\", \"S_SM\": \"Нет (не скрывался)\", \"N_UCH\": \"1\", \"S_SEAT_GROUP\": \"\", \"INJURED_CARD_ID\": \"\"}]}], \"n_p\": \"\", \"street\": \"\", \"house\": \"\", \"dor\": \"\", \"km\": \"0\", \"m\": \"0\", \"k_ul\": \"Вне НП\", \"dor_k\": \"\", \"dor_z\": \"Другие места\", \"factor\": [\"Сведения отсутствуют\"], \"s_pog\": [\"Ясно\"], \"s_pch\": \"Сухое\", \"osv\": \"Светлое время суток\", \"change_org_motion\": \"Режим движения не изменялся\", \"s_dtp\": \"600\", \"COORD_W\": \"69.7075\", \"COORD_L\": \"170.2686\", \"OBJ_DTP\": [\"Отсутствие в непосредственной близости объектов УДС и объектов притяжения\"], \"uchInfo\": []}}, {\"KartId\": 198319249, \"rowNum\": 3, \"date\": \"22.08.2016\", \"Time\": \"21:30\", \"District\": \"Чаунский район\", \"DTP_V\": \"Съезд с дороги\", \"POG\": 0, \"RAN\": 1, \"K_TS\": 1, \"K_UCH\": 1, \"infoDtp\": {\"ndu\": [\"Не установлены\"], \"sdor\": [\"Перегон (нет объектов на месте ДТП)\"], \"ts_info\": [{\"n_ts\": \"1\", \"ts_s\": \"Да\", \"t_ts\": \"Седельные тягачи\", \"marka_ts\": \"КАМАЗ\", \"m_ts\": \"4410\", \"color\": \"Оранжевый\", \"r_rul\": \"Передний\", \"g_v\": \"2012\", \"m_pov\": \"Передний правый угол | Передний левый бок (передняя дверь водителя, в случае ТС с правым расположением руля передняя дверь пассажира) | Передний левый угол\", \"t_n\": \"Технические неисправности отсутствуют\", \"f_sob\": \"\", \"o_pf\": \"Юридические лица, являющиеся коммерческими организациями\", \"ts_uch\": [{\"K_UCH\": \"Водитель\", \"NPDD\": [\"Другие нарушения ПДД водителем\"], \"S_T\": \"Раненый, находящийся (находившийся) на стационарном лечении\", \"POL\": \"Мужской\", \"V_ST\": \"8\", \"ALCO\": \"\", \"SOP_NPDD\": [\"Эксплуатация незарегистрированного ТС\"], \"SAFETY_BELT\": \"Да\", \"S_SM\": \"Нет (не скрывался)\", \"N_UCH\": \"1\", \"S_SEAT_GROUP\": \"\", \"INJURED_CARD_ID\": \"\"}]}], \"n_p\": \"\", \"street\": \"\", \"house\": \"\", \"dor\": \"\", \"km\": \"0\", \"m\": \"0\", \"k_ul\": \"Вне НП\", \"dor_k\": \"\", \"dor_z\": \"Другие места\", \"factor\": [\"Сведения отсутствуют\"], \"s_pog\": [\"Ясно\"], \"s_pch\": \"Сухое\", \"osv\": \"В темное время суток, освещение отсутствует\", \"change_org_motion\": \"Режим движения не изменялся\", \"s_dtp\": \"590\", \"COORD_W\": \"0.\", \"COORD_L\": \"0.\", \"OBJ_DTP\": [\"Отсутствие в непосредственной близости объектов УДС и объектов притяжения\"], \"uchInfo\": []}}, {\"KartId\": 195145730, \"rowNum\": 4, \"date\": \"11.07.2016\", \"Time\": \"19:45\", \"District\": \"Чаунский район\", \"DTP_V\": \"Столкновение\", \"POG\": 0, \"RAN\": 1, \"K_TS\": 2, \"K_UCH\": 3, \"infoDtp\": {\"ndu\": [\"Не установлены\"], \"sdor\": [\"Перегон (нет объектов на месте ДТП)\", \"Иное место\"], \"ts_info\": [{\"n_ts\": \"1\", \"ts_s\": \"Нет\", \"t_ts\": \"В-класс (малый) до 3,9 м\", \"marka_ts\": \"MAZDA\", \"m_ts\": \"Bongo\", \"color\": \"Белый\", \"r_rul\": \"Передний\", \"g_v\": \"2001\", \"m_pov\": \"Задний правый бок (задняя дверь пассажира) | Задний правый угол | Задний левый угол\", \"t_n\": \"Технические неисправности отсутствуют\", \"f_sob\": \"Частная собственность\", \"o_pf\": \"Физические лица\", \"ts_uch\": [{\"K_UCH\": \"Пассажир\", \"NPDD\": [\"Нет нарушений\"], \"S_T\": \"Раненый, находящийся (находившийся) на стационарном лечении\", \"POL\": \"Мужской\", \"V_ST\": \"\", \"ALCO\": \"\", \"SOP_NPDD\": [\"Нет нарушений\"], \"SAFETY_BELT\": \"Да\", \"S_SM\": \"Нет (не скрывался)\", \"N_UCH\": \"3\", \"S_SEAT_GROUP\": \"\", \"INJURED_CARD_ID\": \"\"}, {\"K_UCH\": \"Водитель\", \"NPDD\": [\"Неправильный выбор дистанции\"], \"S_T\": \"Не пострадал\", \"POL\": \"Мужской\", \"V_ST\": \"5\", \"ALCO\": \"12\", \"SOP_NPDD\": [\"Управление ТС в состоянии алкогольного опьянения\"], \"SAFETY_BELT\": \"Да\", \"S_SM\": \"Скрылся, впоследствии разыскан (установлен)\", \"N_UCH\": \"1\", \"S_SEAT_GROUP\": \"\", \"INJURED_CARD_ID\": \"\"}]}, {\"n_ts\": \"2\", \"ts_s\": \"Нет\", \"t_ts\": \"Фронтальные погрузчики\", \"marka_ts\": \"\", \"m_ts\": \"\", \"color\": \"Желтый\", \"r_rul\": \"Иной\", \"g_v\": \"2003\", \"m_pov\": \"\", \"t_n\": \"Технические неисправности отсутствуют\", \"f_sob\": \"Частная собственность\", \"o_pf\": \"Юридические лица, являющиеся коммерческими организациями\", \"ts_uch\": [{\"K_UCH\": \"Водитель\", \"NPDD\": [\"Нет нарушений\"], \"S_T\": \"Не пострадал\", \"POL\": \"Мужской\", \"V_ST\": \"10\", \"ALCO\": \"\", \"SOP_NPDD\": [\"Нет нарушений\"], \"SAFETY_BELT\": \"Да\", \"S_SM\": \"Нет (не скрывался)\", \"N_UCH\": \"2\", \"S_SEAT_GROUP\": \"\", \"INJURED_CARD_ID\": \"\"}]}], \"n_p\": \"\", \"street\": \"\", \"house\": \"\", \"dor\": \"\", \"km\": \"0\", \"m\": \"0\", \"k_ul\": \"Вне НП\", \"dor_k\": \"\", \"dor_z\": \"Другие места\", \"factor\": [\"Сведения отсутствуют\"], \"s_pog\": [\"Дождь\"], \"s_pch\": \"Мокрое\", \"osv\": \"Светлое время суток\", \"change_org_motion\": \"Режим движения не изменялся\", \"s_dtp\": \"070\", \"COORD_W\": \"69.7075\", \"COORD_L\": \"170.2822\", \"OBJ_DTP\": [\"Отсутствие в непосредственной близости объектов УДС и объектов притяжения\"], \"uchInfo\": []}}, {\"KartId\": 194025252, \"rowNum\": 5, \"date\": \"12.06.2016\", \"Time\": \"21:00\", \"District\": \"Чаунский район\", \"DTP_V\": \"Опрокидывание\", \"POG\": 0, \"RAN\": 1, \"K_TS\": 1, \"K_UCH\": 2, \"infoDtp\": {\"ndu\": [\"Не установлены\"], \"sdor\": [\"Перегон (нет объектов на месте ДТП)\", \"Внутридворовая территория\"], \"ts_info\": [{\"n_ts\": \"1\", \"ts_s\": \"Нет\", \"t_ts\": \"Мопеды с двигателем внутреннего сгорания менее 50 см. куб.\", \"marka_ts\": \"\", \"m_ts\": \"\", \"color\": \"Красный\", \"r_rul\": \"Не заполнено\", \"g_v\": \"2012\", \"m_pov\": \"Передний правый угол | Передний правый бок (передняя дверь пассажира, в случае ТС с правым расположением руля передняя дверь водителя) | Передний левый угол\", \"t_n\": \"Технические неисправности отсутствуют\", \"f_sob\": \"Частная собственность\", \"o_pf\": \"Физические лица\", \"ts_uch\": [{\"K_UCH\": \"Водитель\", \"NPDD\": [\"Другие нарушения ПДД водителем\"], \"S_T\": \"Раненый, находящийся (находившийся) на стационарном лечении\", \"POL\": \"Мужской\", \"V_ST\": \"3\", \"ALCO\": \"20\", \"SOP_NPDD\": [\"Управление ТС в состоянии алкогольного опьянения\"], \"SAFETY_BELT\": \"Да\", \"S_SM\": \"Нет (не скрывался)\", \"N_UCH\": \"1\", \"S_SEAT_GROUP\": \"\", \"INJURED_CARD_ID\": \"\"}, {\"K_UCH\": \"Пассажир\", \"NPDD\": [\"Иные нарушения\"], \"S_T\": \"Не пострадал\", \"POL\": \"Женский\", \"V_ST\": \"\", \"ALCO\": \"\", \"SOP_NPDD\": [\"Нет нарушений\"], \"SAFETY_BELT\": \"Да\", \"S_SM\": \"Нет (не скрывался)\", \"N_UCH\": \"2\", \"S_SEAT_GROUP\": \"\", \"INJURED_CARD_ID\": \"\"}]}], \"n_p\": \"г Певек\", \"street\": \"ул Чемоданова\", \"house\": \"34\", \"dor\": \"\", \"km\": \"\", \"m\": \"\", \"k_ul\": \"Улицы и дороги местного значения в жилой застройке\", \"dor_k\": \"\", \"dor_z\": \"Не указано\", \"factor\": [\"Сведения отсутствуют\"], \"s_pog\": [\"Ясно\"], \"s_pch\": \"Сухое\", \"osv\": \"Светлое время суток\", \"change_org_motion\": \"Режим движения не изменялся\", \"s_dtp\": \"990\", \"COORD_W\": \"69.7144\", \"COORD_L\": \"170.2917\", \"OBJ_DTP\": [\"Многоквартирные жилые дома\"], \"uchInfo\": []}}, {\"KartId\": 191482218, \"rowNum\": 6, \"date\": \"24.03.2016\", \"Time\": \"14:00\", \"District\": \"Чаунский район\", \"DTP_V\": \"Наезд на стоящее ТС\", \"POG\": 0, \"RAN\": 1, \"K_TS\": 2, \"K_UCH\": 1, \"infoDtp\": {\"ndu\": [\"Не установлены\"], \"sdor\": [\"Перегон (нет объектов на месте ДТП)\"], \"ts_info\": [{\"n_ts\": \"1\", \"ts_s\": \"Нет\", \"t_ts\": \"Седельные тягачи\", \"marka_ts\": \"КАМАЗ\", \"m_ts\": \"4410\", \"color\": \"Оранжевый\", \"r_rul\": \"Полноприводный\", \"g_v\": \"2012\", \"m_pov\": \"Передний правый угол | Передний левый бок (передняя дверь водителя, в случае ТС с правым расположением руля передняя дверь пассажира) | Передний левый угол\", \"t_n\": \"Не устанавливались\", \"f_sob\": \"Смешанная российская собственность\", \"o_pf\": \"Юридические лица, являющиеся коммерческими организациями\", \"ts_uch\": [{\"K_UCH\": \"Водитель\", \"NPDD\": [\"Несоответствие скорости конкретным условиям движения\"], \"S_T\": \"Раненый, находящийся (находившийся) на стационарном лечении\", \"POL\": \"Мужской\", \"V_ST\": \"15\", \"ALCO\": \"\", \"SOP_NPDD\": [\"Нет нарушений\"], \"SAFETY_BELT\": \"Да\", \"S_SM\": \"Нет (не скрывался)\", \"N_UCH\": \"1\", \"S_SEAT_GROUP\": \"\", \"INJURED_CARD_ID\": \"\"}]}, {\"n_ts\": \"2\", \"ts_s\": \"Нет\", \"t_ts\": \"Седельные тягачи\", \"marka_ts\": \"IVECO\", \"m_ts\": \"Прочие модели Iveco\", \"color\": \"Красный\", \"r_rul\": \"Полноприводный\", \"g_v\": \"2012\", \"m_pov\": \"Задний правый угол\", \"t_n\": \"Технические неисправности отсутствуют\", \"f_sob\": \"Совместная российская и иностранная собственность\", \"o_pf\": \"Юридические лица, являющиеся коммерческими организациями\", \"ts_uch\": []}], \"n_p\": \"\", \"street\": \"\", \"house\": \"\", \"dor\": \"\", \"km\": \"0\", \"m\": \"0\", \"k_ul\": \"Вне НП\", \"dor_k\": \"\", \"dor_z\": \"Другие места\", \"factor\": [\"Сведения отсутствуют\"], \"s_pog\": [\"Ясно\"], \"s_pch\": \"Со снежным накатом\", \"osv\": \"Светлое время суток\", \"change_org_motion\": \"Режим движения не изменялся\", \"s_dtp\": \"920\", \"COORD_W\": \"67.9658\", \"COORD_L\": \"170.0017\", \"OBJ_DTP\": [\"Отсутствие в непосредственной близости объектов УДС и объектов притяжения\"], \"uchInfo\": []}}, {\"KartId\": 195018472, \"rowNum\": 1, \"date\": \"09.07.2016\", \"Time\": \"21:30\", \"District\": \"Провиденский район\", \"DTP_V\": \"Опрокидывание\", \"POG\": 0, \"RAN\": 1, \"K_TS\": 1, \"K_UCH\": 1, \"infoDtp\": {\"ndu\": [\"Не установлены\"], \"sdor\": [\"Перегон (нет объектов на месте ДТП)\"], \"ts_info\": [{\"n_ts\": \"1\", \"ts_s\": \"Нет\", \"t_ts\": \"Мотоциклы\", \"marka_ts\": \"ИЖ\", \"m_ts\": \"Планета\", \"color\": \"Черный\", \"r_rul\": \"Иной\", \"g_v\": \"1991\", \"m_pov\": \"\", \"t_n\": \"Не устанавливались\", \"f_sob\": \"Частная собственность\", \"o_pf\": \"Физические лица\", \"ts_uch\": [{\"K_UCH\": \"Водитель\", \"NPDD\": [\"Нарушение правил расположения ТС на проезжей части\"], \"S_T\": \"Раненый, находящийся (находившийся)  на амбулаторном лечении, либо которому по характеру полученных травм обозначена необходимость амбулаторного лечения (вне зависимости от его фактического прохождения)\", \"POL\": \"Мужской\", \"V_ST\": \"95\", \"ALCO\": \"\", \"SOP_NPDD\": [\"Управление ТС лицом, не имеющим права на управление ТС\", \"Нарушение правил применения мотошлема\", \"Эксплуатация незарегистрированного ТС\"], \"SAFETY_BELT\": \"Да\", \"S_SM\": \"Нет (не скрывался)\", \"N_UCH\": \"1\", \"S_SEAT_GROUP\": \"\", \"INJURED_CARD_ID\": \"\"}]}], \"n_p\": \"с Янракыннот\", \"street\": \"ул Ясная\", \"house\": \"6\", \"dor\": \"\", \"km\": \"\", \"m\": \"\", \"k_ul\": \"Улицы и дороги местного значения в жилой застройке\", \"dor_k\": \"\", \"dor_z\": \"Не указано\", \"factor\": [\"Сведения отсутствуют\"], \"s_pog\": [\"Ясно\"], \"s_pch\": \"Сухое\", \"osv\": \"Светлое время суток\", \"change_org_motion\": \"Режим движения не изменялся\", \"s_dtp\": \"930\", \"COORD_W\": \"64.9106\", \"COORD_L\": \"172.4964\", \"OBJ_DTP\": [\"Отсутствие в непосредственной близости объектов УДС и объектов притяжения\"], \"uchInfo\": []}}, {\"KartId\": 194343792, \"rowNum\": 2, \"date\": \"25.06.2016\", \"Time\": \"02:00\", \"District\": \"Провиденский район\", \"DTP_V\": \"Опрокидывание\", \"POG\": 0, \"RAN\": 1, \"K_TS\": 1, \"K_UCH\": 1, \"infoDtp\": {\"ndu\": [\"Не установлены\"], \"sdor\": [\"Перегон (нет объектов на месте ДТП)\", \"Иное место\"], \"ts_info\": [{\"n_ts\": \"1\", \"ts_s\": \"Нет\", \"t_ts\": \"Квадрициклы\", \"marka_ts\": \"G&G\", \"m_ts\": \"Прочие модели G&G\", \"color\": \"Зеленый\", \"r_rul\": \"Иной\", \"g_v\": \"2012\", \"m_pov\": \"\", \"t_n\": \"Технические неисправности отсутствуют\", \"f_sob\": \"Частная собственность\", \"o_pf\": \"Физические лица\", \"ts_uch\": [{\"K_UCH\": \"Водитель\", \"NPDD\": [\"Другие нарушения ПДД водителем\"], \"S_T\": \"Раненый, находящийся (находившийся)  на амбулаторном лечении, либо которому по характеру полученных травм обозначена необходимость амбулаторного лечения (вне зависимости от его фактического прохождения)\", \"POL\": \"Мужской\", \"V_ST\": \"96\", \"ALCO\": \"\", \"SOP_NPDD\": [\"Управление ТС лицом, не имеющим соответствующей категории на управление ТС данного вида\", \"Несоблюдение требований ОСАГО\"], \"SAFETY_BELT\": \"Да\", \"S_SM\": \"Нет (не скрывался)\", \"N_UCH\": \"1\", \"S_SEAT_GROUP\": \"\", \"INJURED_CARD_ID\": \"\"}]}], \"n_p\": \"с Нунлигран\", \"street\": \"\", \"house\": \"\", \"dor\": \"\", \"km\": \"0\", \"m\": \"0\", \"k_ul\": \"Иные места\", \"dor_k\": \"\", \"dor_z\": \"Не указано\", \"factor\": [\"Сведения отсутствуют\"], \"s_pog\": [\"Ясно\"], \"s_pch\": \"Сухое\", \"osv\": \"Светлое время суток\", \"change_org_motion\": \"Режим движения не изменялся\", \"s_dtp\": \"990\", \"COORD_W\": \"64.8117\", \"COORD_L\": \"75.3797\", \"OBJ_DTP\": [\"Отсутствие в непосредственной близости объектов УДС и объектов притяжения\"], \"uchInfo\": []}}, {\"KartId\": 193499348, \"rowNum\": 3, \"date\": \"25.05.2016\", \"Time\": \"19:35\", \"District\": \"Провиденский район\", \"DTP_V\": \"Опрокидывание\", \"POG\": 0, \"RAN\": 1, \"K_TS\": 1, \"K_UCH\": 2, \"infoDtp\": {\"ndu\": [\"Не установлены\"], \"sdor\": [\"Перегон (нет объектов на месте ДТП)\"], \"ts_info\": [{\"n_ts\": \"1\", \"ts_s\": \"Нет\", \"t_ts\": \"В-класс (малый) до 3,9 м\", \"marka_ts\": \"УАЗ\", \"m_ts\": \"УАЗ 3153\", \"color\": \"Белый\", \"r_rul\": \"Полноприводный\", \"g_v\": \"1998\", \"m_pov\": \"Крыша\", \"t_n\": \"Иные неисправности\", \"f_sob\": \"Муниципальная собственность\", \"o_pf\": \"Юридические лица, являющиеся некоммерческими организациями\", \"ts_uch\": [{\"K_UCH\": \"Водитель\", \"NPDD\": [\"Эксплуатация технически неисправного ТС (проставляется в случае ДТП по причине технеисправности)\"], \"S_T\": \"Не пострадал\", \"POL\": \"Мужской\", \"V_ST\": \"20\", \"ALCO\": \"\", \"SOP_NPDD\": [\"Другие нарушения ПДД водителем\"], \"SAFETY_BELT\": \"Да\", \"S_SM\": \"Нет (не скрывался)\", \"N_UCH\": \"2\", \"S_SEAT_GROUP\": \"\", \"INJURED_CARD_ID\": \"\"}, {\"K_UCH\": \"Пассажир\", \"NPDD\": [\"Нет нарушений\"], \"S_T\": \"Раненый, находящийся (находившийся) на стационарном лечении\", \"POL\": \"Мужской\", \"V_ST\": \"\", \"ALCO\": \"\", \"SOP_NPDD\": [\"Нет нарушений\"], \"SAFETY_BELT\": \"Да\", \"S_SM\": \"Нет (не скрывался)\", \"N_UCH\": \"1\", \"S_SEAT_GROUP\": \"\", \"INJURED_CARD_ID\": \"\"}]}], \"n_p\": \"пгт Провидения\", \"street\": \"\", \"house\": \"\", \"dor\": \"Провидения - Новое Чаплино\", \"km\": \"8\", \"m\": \"0\", \"k_ul\": \"Вне НП\", \"dor_k\": \"7\", \"dor_z\": \"Местного значения (дороги местного значения, включая относящиеся к собственности поселений, муниципальных районов, городских округов)\", \"factor\": [\"Сведения отсутствуют\"], \"s_pog\": [\"Пасмурно\"], \"s_pch\": \"Сухое\", \"osv\": \"Светлое время суток\", \"change_org_motion\": \"Режим движения не изменялся\", \"s_dtp\": \"950\", \"COORD_W\": \"64.4833\", \"COORD_L\": \"173.1667\", \"OBJ_DTP\": [\"Отсутствие в непосредственной близости объектов УДС и объектов притяжения\"], \"uchInfo\": []}}, {\"KartId\": 199122640, \"rowNum\": 1, \"date\": \"17.09.2016\", \"Time\": \"18:20\", \"District\": \"Билибинский район\", \"DTP_V\": \"Падение пассажира\", \"POG\": 0, \"RAN\": 1, \"K_TS\": 1, \"K_UCH\": 2, \"infoDtp\": {\"ndu\": [\"Не установлены\"], \"sdor\": [\"Перегон (нет объектов на месте ДТП)\"], \"ts_info\": [{\"n_ts\": \"1\", \"ts_s\": \"до 1 сут.\", \"t_ts\": \"В-класс (малый) до 3,9 м\", \"marka_ts\": \"FORD\", \"m_ts\": \"Ranger\", \"color\": \"Черный\", \"r_rul\": \"Передний\", \"g_v\": \"2006\", \"m_pov\": \"\", \"t_n\": \"Технические неисправности отсутствуют\", \"f_sob\": \"Частная собственность\", \"o_pf\": \"Физические лица\", \"ts_uch\": [{\"K_UCH\": \"Водитель\", \"NPDD\": [\"Другие нарушения ПДД водителем\"], \"S_T\": \"Не пострадал\", \"POL\": \"Мужской\", \"V_ST\": \"12\", \"ALCO\": \"\", \"SOP_NPDD\": [\"Оставление места ДТП\"], \"SAFETY_BELT\": \"Да\", \"S_SM\": \"Скрылся, впоследствии разыскан (установлен)\", \"N_UCH\": \"2\", \"S_SEAT_GROUP\": \"\", \"INJURED_CARD_ID\": \"\"}, {\"K_UCH\": \"Пассажир\", \"NPDD\": [\"Оставление движущегося транспортного средства (выход или выпрыгивание на ходу и т.д.)\"], \"S_T\": \"Раненый, находящийся (находившийся) на стационарном лечении\", \"POL\": \"Мужской\", \"V_ST\": \"\", \"ALCO\": \"\", \"SOP_NPDD\": [\"Нарушение правил применения ремней безопасности пассажиром\"], \"SAFETY_BELT\": \"Нет\", \"S_SM\": \"Нет (не скрывался)\", \"N_UCH\": \"1\", \"S_SEAT_GROUP\": \"\", \"INJURED_CARD_ID\": \"\"}]}], \"n_p\": \"\", \"street\": \"\", \"house\": \"\", \"dor\": \"\", \"km\": \"0\", \"m\": \"0\", \"k_ul\": \"Вне НП\", \"dor_k\": \"\", \"dor_z\": \"Другие места\", \"factor\": [\"Сведения отсутствуют\"], \"s_pog\": [\"Пасмурно\"], \"s_pch\": \"Сухое\", \"osv\": \"Сумерки\", \"change_org_motion\": \"Режим движения не изменялся\", \"s_dtp\": \"960\", \"COORD_W\": \"68.0667\", \"COORD_L\": \"166.4167\", \"OBJ_DTP\": [\"Отсутствие в непосредственной близости объектов УДС и объектов притяжения\"], \"uchInfo\": []}}, {\"KartId\": 198457737, \"rowNum\": 2, \"date\": \"03.09.2016\", \"Time\": \"21:20\", \"District\": \"Билибинский район\", \"DTP_V\": \"Опрокидывание\", \"POG\": 0, \"RAN\": 1, \"K_TS\": 1, \"K_UCH\": 1, \"infoDtp\": {\"ndu\": [\"Не установлены\"], \"sdor\": [\"Перегон (нет объектов на месте ДТП)\", \"Иное место\"], \"ts_info\": [{\"n_ts\": \"1\", \"ts_s\": \"Нет\", \"t_ts\": \"Мотоциклы\", \"marka_ts\": \"SUZUKI\", \"m_ts\": \"GS\", \"color\": \"Белый\", \"r_rul\": \"Иной\", \"g_v\": \"2007\", \"m_pov\": \"Передний правый угол | Задний левый бок (задняя дверь пассажира) | Передний левый угол\", \"t_n\": \"Технические неисправности отсутствуют\", \"f_sob\": \"Частная собственность\", \"o_pf\": \"Физические лица\", \"ts_uch\": [{\"K_UCH\": \"Водитель\", \"NPDD\": [\"Другие нарушения ПДД водителем\"], \"S_T\": \"Раненый, находящийся (находившийся) на стационарном лечении\", \"POL\": \"Мужской\", \"V_ST\": \"10\", \"ALCO\": \"00\", \"SOP_NPDD\": [\"Управление ТС в состоянии алкогольного опьянения\"], \"SAFETY_BELT\": \"Да\", \"S_SM\": \"Нет (не скрывался)\", \"N_UCH\": \"1\", \"S_SEAT_GROUP\": \"\", \"INJURED_CARD_ID\": \"\"}]}], \"n_p\": \"г Билибино\", \"street\": \"ул Курчатова\", \"house\": \"12\", \"dor\": \"\", \"km\": \"\", \"m\": \"\", \"k_ul\": \"Улицы и дороги местного значения в жилой застройке\", \"dor_k\": \"\", \"dor_z\": \"Не указано\", \"factor\": [\"Сведения отсутствуют\"], \"s_pog\": [\"Ясно\"], \"s_pch\": \"Сухое\", \"osv\": \"В темное время суток, освещение включено\", \"change_org_motion\": \"Режим движения не изменялся\", \"s_dtp\": \"600\", \"COORD_W\": \"68.0664\", \"COORD_L\": \"166.4519\", \"OBJ_DTP\": [\"Многоквартирные жилые дома\"], \"uchInfo\": []}}, {\"KartId\": 195741441, \"rowNum\": 3, \"date\": \"23.07.2016\", \"Time\": \"14:30\", \"District\": \"Билибинский район\", \"DTP_V\": \"Опрокидывание\", \"POG\": 0, \"RAN\": 1, \"K_TS\": 1, \"K_UCH\": 1, \"infoDtp\": {\"ndu\": [\"Не установлены\"], \"sdor\": [\"Перегон (нет объектов на месте ДТП)\"], \"ts_info\": [{\"n_ts\": \"1\", \"ts_s\": \"Нет\", \"t_ts\": \"Мопеды с двигателем внутреннего сгорания менее 50 см. куб.\", \"marka_ts\": \"SUZUKI\", \"m_ts\": \"Прочие модели Suzuki\", \"color\": \"Серый\", \"r_rul\": \"Иной\", \"g_v\": \"1998\", \"m_pov\": \"\", \"t_n\": \"Не устанавливались\", \"f_sob\": \"Частная собственность\", \"o_pf\": \"Физические лица\", \"ts_uch\": [{\"K_UCH\": \"Водитель\", \"NPDD\": [\"Другие нарушения ПДД водителем\"], \"S_T\": \"Раненый, находящийся (находившийся)  на амбулаторном лечении, либо которому по характеру полученных травм обозначена необходимость амбулаторного лечения (вне зависимости от его фактического прохождения)\", \"POL\": \"Мужской\", \"V_ST\": \"95\", \"ALCO\": \"\", \"SOP_NPDD\": [\"Управление ТС лицом, не имеющим права на управление ТС\"], \"SAFETY_BELT\": \"Да\", \"S_SM\": \"Нет (не скрывался)\", \"N_UCH\": \"1\", \"S_SEAT_GROUP\": \"\", \"INJURED_CARD_ID\": \"\"}]}], \"n_p\": \"\", \"street\": \"\", \"house\": \"\", \"dor\": \"\", \"km\": \"0\", \"m\": \"0\", \"k_ul\": \"Вне НП\", \"dor_k\": \"\", \"dor_z\": \"Другие места\", \"factor\": [\"Сведения отсутствуют\"], \"s_pog\": [\"Ясно\"], \"s_pch\": \"Мокрое\", \"osv\": \"Светлое время суток\", \"change_org_motion\": \"Режим движения не изменялся\", \"s_dtp\": \"070\", \"COORD_W\": \"67.9842\", \"COORD_L\": \"166.3856\", \"OBJ_DTP\": [\"Отсутствие в непосредственной близости объектов УДС и объектов притяжения\"], \"uchInfo\": []}}, {\"KartId\": 200479866, \"rowNum\": 1, \"date\": \"10.10.2016\", \"Time\": \"02:35\", \"District\": \"Анадырский район\", \"DTP_V\": \"Съезд с дороги\", \"POG\": 0, \"RAN\": 1, \"K_TS\": 1, \"K_UCH\": 5, \"infoDtp\": {\"ndu\": [\"Не установлены\"], \"sdor\": [\"Перегон (нет объектов на месте ДТП)\", \"Нерегулируемый перекрёсток неравнозначных улиц (дорог)\"], \"ts_info\": [{\"n_ts\": \"1\", \"ts_s\": \"Нет\", \"t_ts\": \"D-класс (средний) до 4,6 м\", \"marka_ts\": \"SUBARU\", \"m_ts\": \"Impreza\", \"color\": \"Серый\", \"r_rul\": \"Передний\", \"g_v\": \"2009\", \"m_pov\": \"Передний левый угол | Днище | Смещение двигателя\", \"t_n\": \"Технические неисправности отсутствуют\", \"f_sob\": \"Частная собственность\", \"o_pf\": \"Физические лица\", \"ts_uch\": [{\"K_UCH\": \"Пассажир\", \"NPDD\": [\"Иные нарушения\"], \"S_T\": \"Не пострадал\", \"POL\": \"Мужской\", \"V_ST\": \"\", \"ALCO\": \"\", \"SOP_NPDD\": [\"Нарушение правил применения ремней безопасности пассажиром\"], \"SAFETY_BELT\": \"Нет\", \"S_SM\": \"Нет (не скрывался)\", \"N_UCH\": \"3\", \"S_SEAT_GROUP\": \"\", \"INJURED_CARD_ID\": \"\"}, {\"K_UCH\": \"Пассажир\", \"NPDD\": [\"Иные нарушения\"], \"S_T\": \"Не пострадал\", \"POL\": \"Женский\", \"V_ST\": \"\", \"ALCO\": \"\", \"SOP_NPDD\": [\"Нарушение правил применения ремней безопасности пассажиром\"], \"SAFETY_BELT\": \"Нет\", \"S_SM\": \"Нет (не скрывался)\", \"N_UCH\": \"4\", \"S_SEAT_GROUP\": \"\", \"INJURED_CARD_ID\": \"\"}, {\"K_UCH\": \"Пассажир\", \"NPDD\": [\"Нет нарушений\"], \"S_T\": \"Раненый, находящийся (находившийся)  на амбулаторном лечении, либо которому по характеру полученных травм обозначена необходимость амбулаторного лечения (вне зависимости от его фактического прохождения)\", \"POL\": \"Женский\", \"V_ST\": \"\", \"ALCO\": \"\", \"SOP_NPDD\": [\"Нет нарушений\"], \"SAFETY_BELT\": \"Да\", \"S_SM\": \"Нет (не скрывался)\", \"N_UCH\": \"1\", \"S_SEAT_GROUP\": \"\", \"INJURED_CARD_ID\": \"\"}, {\"K_UCH\": \"Водитель\", \"NPDD\": [\"Несоответствие скорости конкретным условиям движения\"], \"S_T\": \"Получил травмы с оказанием разовой медицинской помощи, к категории раненый не относится\", \"POL\": \"Мужской\", \"V_ST\": \"95\", \"ALCO\": \"00\", \"SOP_NPDD\": [\"Управление ТС лицом, не имеющим права на управление ТС\", \"Управление ТС лицом, находящимся в состоянии алкогольного опьянения и не имеющим права управления ТС либо лишенным права управления ТС\"], \"SAFETY_BELT\": \"Да\", \"S_SM\": \"Нет (не скрывался)\", \"N_UCH\": \"5\", \"S_SEAT_GROUP\": \"\", \"INJURED_CARD_ID\": \"\"}, {\"K_UCH\": \"Пассажир\", \"NPDD\": [\"Иные нарушения\"], \"S_T\": \"Не пострадал\", \"POL\": \"Мужской\", \"V_ST\": \"\", \"ALCO\": \"\", \"SOP_NPDD\": [\"Нарушение правил применения ремней безопасности пассажиром\"], \"SAFETY_BELT\": \"Нет\", \"S_SM\": \"Нет (не скрывался)\", \"N_UCH\": \"2\", \"S_SEAT_GROUP\": \"\", \"INJURED_CARD_ID\": \"\"}]}], \"n_p\": \"\", \"street\": \"\", \"house\": \"\", \"dor\": \"А-384 подъездная дорога от г. Анадыря к аэропорту Анадыря (Угольный)\", \"km\": \"26\", \"m\": \"990\", \"k_ul\": \"\", \"dor_k\": \"6\", \"dor_z\": \"Федеральная (дорога федерального значения)\", \"factor\": [\"Сведения отсутствуют\"], \"s_pog\": [\"Пасмурно\"], \"s_pch\": \"Мокрое\", \"osv\": \"В темное время суток, освещение включено\", \"change_org_motion\": \"Режим движения не изменялся\", \"s_dtp\": \"610\", \"COORD_W\": \"64.0247\", \"COORD_L\": \"177.0331\", \"OBJ_DTP\": [\"Нерегулируемый перекрёсток\"], \"uchInfo\": []}}, {\"KartId\": 196851858, \"rowNum\": 2, \"date\": \"16.08.2016\", \"Time\": \"17:10\", \"District\": \"Анадырский район\", \"DTP_V\": \"Опрокидывание\", \"POG\": 0, \"RAN\": 1, \"K_TS\": 1, \"K_UCH\": 1, \"infoDtp\": {\"ndu\": [\"Неровное покрытие\"], \"sdor\": [\"Перегон (нет объектов на месте ДТП)\", \"Иное место\"], \"ts_info\": [{\"n_ts\": \"1\", \"ts_s\": \"Нет\", \"t_ts\": \"В-класс (малый) до 3,9 м\", \"marka_ts\": \"NISSAN\", \"m_ts\": \"Datsun\", \"color\": \"Черный\", \"r_rul\": \"Полноприводный\", \"g_v\": \"1991\", \"m_pov\": \"Передний правый угол | Передний левый угол | Крыша\", \"t_n\": \"Технические неисправности отсутствуют\", \"f_sob\": \"Частная собственность\", \"o_pf\": \"Физические лица\", \"ts_uch\": [{\"K_UCH\": \"Водитель\", \"NPDD\": [\"Нарушение правил расположения ТС на проезжей части\"], \"S_T\": \"Раненый, находящийся (находившийся) на стационарном лечении\", \"POL\": \"Мужской\", \"V_ST\": \"14\", \"ALCO\": \"\", \"SOP_NPDD\": [\"Несоблюдение условий, разрешающих движение транспорта задним ходом\"], \"SAFETY_BELT\": \"Да\", \"S_SM\": \"Нет (не скрывался)\", \"N_UCH\": \"1\", \"S_SEAT_GROUP\": \"\", \"INJURED_CARD_ID\": \"\"}]}], \"n_p\": \"пгт Беринговский\", \"street\": \"\", \"house\": \"\", \"dor\": \"\", \"km\": \"0\", \"m\": \"0\", \"k_ul\": \"Вне НП\", \"dor_k\": \"\", \"dor_z\": \"Другие места\", \"factor\": [\"Сведения отсутствуют\"], \"s_pog\": [\"Ясно\"], \"s_pch\": \"Сухое\", \"osv\": \"Светлое время суток\", \"change_org_motion\": \"Режим движения не изменялся\", \"s_dtp\": \"610\", \"COORD_W\": \"63.06264\", \"COORD_L\": \"179.31409\", \"OBJ_DTP\": [\"Отсутствие в непосредственной близости объектов УДС и объектов притяжения\"], \"uchInfo\": []}}, {\"KartId\": 195863610, \"rowNum\": 3, \"date\": \"23.07.2016\", \"Time\": \"12:56\", \"District\": \"Анадырский район\", \"DTP_V\": \"Опрокидывание\", \"POG\": 0, \"RAN\": 1, \"K_TS\": 1, \"K_UCH\": 5, \"infoDtp\": {\"ndu\": [\"Не установлены\"], \"sdor\": [\"Перегон (нет объектов на месте ДТП)\"], \"ts_info\": [{\"n_ts\": \"1\", \"ts_s\": \"Нет\", \"t_ts\": \"Минивэны и универсалы повышенной вместимости\", \"marka_ts\": \"MITSUBISHI\", \"m_ts\": \"Delica\", \"color\": \"Серый\", \"r_rul\": \"Полноприводный\", \"g_v\": \"1991\", \"m_pov\": \"Задний правый бок (задняя дверь пассажира) | Задний правый угол | Задний левый угол\", \"t_n\": \"Технические неисправности отсутствуют\", \"f_sob\": \"Частная собственность\", \"o_pf\": \"Физические лица\", \"ts_uch\": [{\"K_UCH\": \"Пассажир\", \"NPDD\": [\"Нет нарушений\"], \"S_T\": \"Не пострадал\", \"POL\": \"Мужской\", \"V_ST\": \"\", \"ALCO\": \"\", \"SOP_NPDD\": [\"Нет нарушений\"], \"SAFETY_BELT\": \"Да\", \"S_SM\": \"Нет (не скрывался)\", \"N_UCH\": \"4\", \"S_SEAT_GROUP\": \"\", \"INJURED_CARD_ID\": \"\"}, {\"K_UCH\": \"Пассажир\", \"NPDD\": [\"Нет нарушений\"], \"S_T\": \"Раненый, находящийся (находившийся)  на амбулаторном лечении, либо которому по характеру полученных травм обозначена необходимость амбулаторного лечения (вне зависимости от его фактического прохождения)\", \"POL\": \"Мужской\", \"V_ST\": \"\", \"ALCO\": \"\", \"SOP_NPDD\": [\"Нет нарушений\"], \"SAFETY_BELT\": \"Да\", \"S_SM\": \"Нет (не скрывался)\", \"N_UCH\": \"3\", \"S_SEAT_GROUP\": \"\", \"INJURED_CARD_ID\": \"\"}, {\"K_UCH\": \"Водитель\", \"NPDD\": [\"Несоответствие скорости конкретным условиям движения\"], \"S_T\": \"Не пострадал\", \"POL\": \"Мужской\", \"V_ST\": \"4\", \"ALCO\": \"\", \"SOP_NPDD\": [\"Превышение установленной скорости движения\"], \"SAFETY_BELT\": \"Да\", \"S_SM\": \"Нет (не скрывался)\", \"N_UCH\": \"1\", \"S_SEAT_GROUP\": \"\", \"INJURED_CARD_ID\": \"\"}, {\"K_UCH\": \"Пассажир\", \"NPDD\": [\"Нет нарушений\"], \"S_T\": \"Не пострадал\", \"POL\": \"Мужской\", \"V_ST\": \"\", \"ALCO\": \"\", \"SOP_NPDD\": [\"Нет нарушений\"], \"SAFETY_BELT\": \"Да\", \"S_SM\": \"Нет (не скрывался)\", \"N_UCH\": \"5\", \"S_SEAT_GROUP\": \"\", \"INJURED_CARD_ID\": \"\"}, {\"K_UCH\": \"Пассажир\", \"NPDD\": [\"Нет нарушений\"], \"S_T\": \"Получил травмы с оказанием разовой медицинской помощи, к категории раненый не относится\", \"POL\": \"Мужской\", \"V_ST\": \"\", \"ALCO\": \"\", \"SOP_NPDD\": [\"Нет нарушений\"], \"SAFETY_BELT\": \"Да\", \"S_SM\": \"Нет (не скрывался)\", \"N_UCH\": \"2\", \"S_SEAT_GROUP\": \"\", \"INJURED_CARD_ID\": \"\"}]}], \"n_p\": \"пгт Угольные Копи\", \"street\": \"\", \"house\": \"\", \"dor\": \"А-384 подъездная дорога от г. Анадыря к аэропорту Анадыря (Угольный)\", \"km\": \"2\", \"m\": \"300\", \"k_ul\": \"Вне НП\", \"dor_k\": \"6\", \"dor_z\": \"Федеральная (дорога федерального значения)\", \"factor\": [\"Оказание влияния на движение транспортного потока или отдельного транспортного средства, наличия или внезапного появления на проезжей части животных\"], \"s_pog\": [\"Ясно\"], \"s_pch\": \"Сухое\", \"osv\": \"Светлое время суток\", \"change_org_motion\": \"Режим движения не изменялся\", \"s_dtp\": \"950\", \"COORD_W\": \"64.7356\", \"COORD_L\": \"177.5025\", \"OBJ_DTP\": [\"Отсутствие в непосредственной близости объектов УДС и объектов притяжения\"], \"uchInfo\": []}}, {\"KartId\": 193373539, \"rowNum\": 4, \"date\": \"19.05.2016\", \"Time\": \"19:30\", \"District\": \"Анадырский район\", \"DTP_V\": \"Иной вид ДТП\", \"POG\": 1, \"RAN\": 0, \"K_TS\": 1, \"K_UCH\": 2, \"infoDtp\": {\"ndu\": [\"Не установлены\"], \"sdor\": [\"Перегон (нет объектов на месте ДТП)\", \"Иное место\"], \"ts_info\": [{\"n_ts\": \"1\", \"ts_s\": \"Нет\", \"t_ts\": \"Тракторы\", \"marka_ts\": \"Прочие марки ТС\", \"m_ts\": \"Прочие марки и модели ТС\", \"color\": \"Красный\", \"r_rul\": \"Иной\", \"g_v\": \"2002\", \"m_pov\": \"\", \"t_n\": \"Технические неисправности отсутствуют\", \"f_sob\": \"Муниципальная собственность\", \"o_pf\": \"Юридические лица, являющиеся некоммерческими организациями\", \"ts_uch\": [{\"K_UCH\": \"Пассажир\", \"NPDD\": [\"Нет нарушений\"], \"S_T\": \"Не пострадал\", \"POL\": \"Женский\", \"V_ST\": \"\", \"ALCO\": \"\", \"SOP_NPDD\": [\"Нет нарушений\"], \"SAFETY_BELT\": \"Да\", \"S_SM\": \"Нет (не скрывался)\", \"N_UCH\": \"2\", \"S_SEAT_GROUP\": \"\", \"INJURED_CARD_ID\": \"\"}, {\"K_UCH\": \"Водитель\", \"NPDD\": [\"Несоответствие скорости конкретным условиям движения\"], \"S_T\": \"Скончался на месте ДТП до приезда скорой медицинской помощи\", \"POL\": \"Мужской\", \"V_ST\": \"15\", \"ALCO\": \"\", \"SOP_NPDD\": [\"Нет нарушений\"], \"SAFETY_BELT\": \"Да\", \"S_SM\": \"Нет (не скрывался)\", \"N_UCH\": \"1\", \"S_SEAT_GROUP\": \"\", \"INJURED_CARD_ID\": \"\"}]}], \"n_p\": \"с Чуванское\", \"street\": \"\", \"house\": \"\", \"dor\": \"\", \"km\": \"0\", \"m\": \"0\", \"k_ul\": \"Вне НП\", \"dor_k\": \"\", \"dor_z\": \"Другие места\", \"factor\": [\"Сведения отсутствуют\"], \"s_pog\": [\"Пасмурно\"], \"s_pch\": \"Заснеженное\", \"osv\": \"Светлое время суток\", \"change_org_motion\": \"Режим движения не изменялся\", \"s_dtp\": \"090\", \"COORD_W\": \"65.1817\", \"COORD_L\": \"167.9578\", \"OBJ_DTP\": [\"Отсутствие в непосредственной близости объектов УДС и объектов притяжения\"], \"uchInfo\": []}}, {\"KartId\": 202778633, \"rowNum\": 1, \"date\": \"20.12.2016\", \"Time\": \"13:05\", \"District\": \"г.Анадырь\", \"DTP_V\": \"Наезд на пешехода\", \"POG\": 0, \"RAN\": 1, \"K_TS\": 1, \"K_UCH\": 2, \"infoDtp\": {\"ndu\": [\"Не установлены\"], \"sdor\": [\"Перегон (нет объектов на месте ДТП)\", \"Остановка общественного транспорта\"], \"ts_info\": [{\"n_ts\": \"1\", \"ts_s\": \"Нет\", \"t_ts\": \"В-класс (малый) до 3,9 м\", \"marka_ts\": \"TOYOTA\", \"m_ts\": \"Corolla\", \"color\": \"Белый\", \"r_rul\": \"Передний\", \"g_v\": \"2001\", \"m_pov\": \"\", \"t_n\": \"Технические неисправности отсутствуют\", \"f_sob\": \"Частная собственность\", \"o_pf\": \"Физические лица\", \"ts_uch\": [{\"K_UCH\": \"Водитель\", \"NPDD\": [\"Нет нарушений\"], \"S_T\": \"Не пострадал\", \"POL\": \"Мужской\", \"V_ST\": \"16\", \"ALCO\": \"\", \"SOP_NPDD\": [\"Нет нарушений\"], \"SAFETY_BELT\": \"Да\", \"S_SM\": \"Нет (не скрывался)\", \"N_UCH\": \"1\", \"S_SEAT_GROUP\": \"\", \"INJURED_CARD_ID\": \"\"}]}], \"n_p\": \"г Анадырь\", \"street\": \"ул Отке\", \"house\": \"22\", \"dor\": \"\", \"km\": \"\", \"m\": \"\", \"k_ul\": \"Магистральные улицы общегородского значения\", \"dor_k\": \"\", \"dor_z\": \"Не указано\", \"factor\": [\"Сведения отсутствуют\"], \"s_pog\": [\"Пасмурно\"], \"s_pch\": \"Заснеженное\", \"osv\": \"Светлое время суток\", \"change_org_motion\": \"Движение частично перекрыто\", \"s_dtp\": \"890\", \"COORD_W\": \"64.7364\", \"COORD_L\": \"177.4925\", \"OBJ_DTP\": [\"Школа либо иное детское (в т.ч. дошкольное) учреждение\"], \"uchInfo\": [{\"K_UCH\": \"Пешеход\", \"NPDD\": [\"Переход через проезжую часть вне пешеходного перехода в зоне его видимости либо при наличии в непосредственной близости подземного (надземного) пешеходного перехода\"], \"S_T\": \"Раненый, находящийся (находившийся)  на амбулаторном лечении, либо которому по характеру полученных травм обозначена необходимость амбулаторного лечения (вне зависимости от его фактического прохождения)\", \"POL\": \"Женский\", \"V_ST\": \"\", \"ALCO\": \"\", \"SOP_NPDD\": [\"Нет нарушений\"], \"S_SM\": \"Нет (не скрывался)\", \"N_UCH\": \"2\"}]}}, {\"KartId\": 200460074, \"rowNum\": 2, \"date\": \"09.10.2016\", \"Time\": \"17:50\", \"District\": \"г.Анадырь\", \"DTP_V\": \"Наезд на пешехода\", \"POG\": 0, \"RAN\": 1, \"K_TS\": 1, \"K_UCH\": 2, \"infoDtp\": {\"ndu\": [\"Не установлены\"], \"sdor\": [\"Перегон (нет объектов на месте ДТП)\", \"Нерегулируемый пешеходный переход\"], \"ts_info\": [{\"n_ts\": \"1\", \"ts_s\": \"Нет\", \"t_ts\": \"В-класс (малый) до 3,9 м\", \"marka_ts\": \"TOYOTA\", \"m_ts\": \"Funcargo\", \"color\": \"Серый\", \"r_rul\": \"Полноприводный\", \"g_v\": \"2001\", \"m_pov\": \"Передний левый бок (передняя дверь водителя, в случае ТС с правым расположением руля передняя дверь пассажира)\", \"t_n\": \"Технические неисправности отсутствуют\", \"f_sob\": \"Частная собственность\", \"o_pf\": \"Физические лица\", \"ts_uch\": [{\"K_UCH\": \"Водитель\", \"NPDD\": [\"Нарушение правил проезда пешеходного перехода\"], \"S_T\": \"Не пострадал\", \"POL\": \"Мужской\", \"V_ST\": \"3\", \"ALCO\": \"\", \"SOP_NPDD\": [\"Нет нарушений\"], \"SAFETY_BELT\": \"Да\", \"S_SM\": \"Нет (не скрывался)\", \"N_UCH\": \"2\", \"S_SEAT_GROUP\": \"\", \"INJURED_CARD_ID\": \"\"}]}], \"n_p\": \"г Анадырь\", \"street\": \"ул Энергетиков\", \"house\": \"17\", \"dor\": \"\", \"km\": \"\", \"m\": \"\", \"k_ul\": \"Улицы и дороги местного значения в жилой застройке\", \"dor_k\": \"\", \"dor_z\": \"Не указано\", \"factor\": [\"Сведения отсутствуют\"], \"s_pog\": [\"Дождь\"], \"s_pch\": \"Мокрое\", \"osv\": \"Сумерки\", \"change_org_motion\": \"Режим движения не изменялся\", \"s_dtp\": \"740\", \"COORD_W\": \"64.7364\", \"COORD_L\": \"177.4925\", \"OBJ_DTP\": [\"Административные здания\", \"Многоквартирные жилые дома\"], \"uchInfo\": [{\"K_UCH\": \"Пешеход\", \"NPDD\": [\"Нет нарушений\"], \"S_T\": \"Раненый, находящийся (находившийся)  на амбулаторном лечении, либо которому по характеру полученных травм обозначена необходимость амбулаторного лечения (вне зависимости от его фактического прохождения)\", \"POL\": \"Женский\", \"V_ST\": \"\", \"ALCO\": \"\", \"SOP_NPDD\": [\"Нет нарушений\"], \"S_SM\": \"Нет (не скрывался)\", \"N_UCH\": \"1\"}]}}, {\"KartId\": 202374885, \"rowNum\": 3, \"date\": \"07.10.2016\", \"Time\": \"14:00\", \"District\": \"г.Анадырь\", \"DTP_V\": \"Наезд на пешехода\", \"POG\": 0, \"RAN\": 1, \"K_TS\": 1, \"K_UCH\": 3, \"infoDtp\": {\"ndu\": [\"Не установлены\"], \"sdor\": [\"Перегон (нет объектов на месте ДТП)\", \"Внутридворовая территория\"], \"ts_info\": [{\"n_ts\": \"1\", \"ts_s\": \"от 1  до 3 сут.\", \"t_ts\": \"В-класс (малый) до 3,9 м\", \"marka_ts\": \"УАЗ\", \"m_ts\": \"УАЗ 3151, 31512, 31514, 31519 и модификации\", \"color\": \"Серый\", \"r_rul\": \"Передний\", \"g_v\": \"2002\", \"m_pov\": \"\", \"t_n\": \"Технические неисправности отсутствуют\", \"f_sob\": \"Частная собственность\", \"o_pf\": \"Физические лица\", \"ts_uch\": [{\"K_UCH\": \"Пассажир\", \"NPDD\": [\"Нет нарушений\"], \"S_T\": \"Не пострадал\", \"POL\": \"Мужской\", \"V_ST\": \"\", \"ALCO\": \"\", \"SOP_NPDD\": [\"Нет нарушений\"], \"SAFETY_BELT\": \"Да\", \"S_SM\": \"Нет (не скрывался)\", \"N_UCH\": \"3\", \"S_SEAT_GROUP\": \"\", \"INJURED_CARD_ID\": \"\"}, {\"K_UCH\": \"Водитель\", \"NPDD\": [\"Несоблюдение условий, разрешающих движение транспорта задним ходом\"], \"S_T\": \"Не пострадал\", \"POL\": \"Мужской\", \"V_ST\": \"13\", \"ALCO\": \"\", \"SOP_NPDD\": [\"Оставление места ДТП\"], \"SAFETY_BELT\": \"Да\", \"S_SM\": \"Скрылся, впоследствии разыскан (установлен)\", \"N_UCH\": \"1\", \"S_SEAT_GROUP\": \"\", \"INJURED_CARD_ID\": \"\"}]}], \"n_p\": \"с Тавайваам\", \"street\": \"ул Береговая\", \"house\": \"12\", \"dor\": \"А-384 подъездная дорога от г. Анадыря к аэропорту Анадыря (Угольный)\", \"km\": \"\", \"m\": \"\", \"k_ul\": \"Улицы и дороги местного значения научно-производственных промышленных и коммунально-складских районов\", \"dor_k\": \"8\", \"dor_z\": \"Местного значения (дороги местного значения, включая относящиеся к собственности поселений, муниципальных районов, городских округов)\", \"factor\": [\"Сведения отсутствуют\"], \"s_pog\": [\"Пасмурно\"], \"s_pch\": \"Мокрое\", \"osv\": \"Светлое время суток\", \"change_org_motion\": \"Режим движения не изменялся\", \"s_dtp\": \"880\", \"COORD_W\": \"64.7364\", \"COORD_L\": \"177.4925\", \"OBJ_DTP\": [\"Многоквартирные жилые дома\"], \"uchInfo\": [{\"K_UCH\": \"Пешеход\", \"NPDD\": [\"Нет нарушений\"], \"S_T\": \"Раненый, находящийся (находившийся)  на амбулаторном лечении, либо которому по характеру полученных травм обозначена необходимость амбулаторного лечения (вне зависимости от его фактического прохождения)\", \"POL\": \"Женский\", \"V_ST\": \"\", \"ALCO\": \"\", \"SOP_NPDD\": [\"Нет нарушений\"], \"S_SM\": \"Нет (не скрывался)\", \"N_UCH\": \"2\"}]}}, {\"KartId\": 198451012, \"rowNum\": 4, \"date\": \"04.09.2016\", \"Time\": \"12:45\", \"District\": \"г.Анадырь\", \"DTP_V\": \"Столкновение\", \"POG\": 0, \"RAN\": 1, \"K_TS\": 2, \"K_UCH\": 2, \"infoDtp\": {\"ndu\": [\"Не установлены\"], \"sdor\": [\"Перегон (нет объектов на месте ДТП)\", \"Гаражные постройки (гаражный кооператив, товарищество либо иное место концентрированного размещения гаражей)\"], \"ts_info\": [{\"n_ts\": \"1\", \"ts_s\": \"Нет\", \"t_ts\": \"Легковые автомобили (без типа)\", \"marka_ts\": \"УАЗ\", \"m_ts\": \"452\", \"color\": \"Серый\", \"r_rul\": \"Полноприводный\", \"g_v\": \"1977\", \"m_pov\": \"Задний правый угол\", \"t_n\": \"Технические неисправности отсутствуют\", \"f_sob\": \"Частная собственность\", \"o_pf\": \"Физические лица\", \"ts_uch\": [{\"K_UCH\": \"Водитель\", \"NPDD\": [\"Нет нарушений\"], \"S_T\": \"Не пострадал\", \"POL\": \"Мужской\", \"V_ST\": \"29\", \"ALCO\": \"\", \"SOP_NPDD\": [\"Нет нарушений\"], \"SAFETY_BELT\": \"Да\", \"S_SM\": \"Нет (не скрывался)\", \"N_UCH\": \"1\", \"S_SEAT_GROUP\": \"\", \"INJURED_CARD_ID\": \"\"}]}, {\"n_ts\": \"2\", \"ts_s\": \"Нет\", \"t_ts\": \"Легковые автомобили (без типа)\", \"marka_ts\": \"УАЗ\", \"m_ts\": \"2206\", \"color\": \"Белый\", \"r_rul\": \"Полноприводный\", \"g_v\": \"2010\", \"m_pov\": \"Передний правый угол | Передний левый угол\", \"t_n\": \"Технические неисправности отсутствуют\", \"f_sob\": \"Собственность субъектов Российской Федерации\", \"o_pf\": \"Юридические лица, являющиеся некоммерческими организациями\", \"ts_uch\": [{\"K_UCH\": \"Водитель\", \"NPDD\": [\"Выезд на полосу встречного движения\"], \"S_T\": \"Раненый, находящийся (находившийся) на стационарном лечении\", \"POL\": \"Мужской\", \"V_ST\": \"14\", \"ALCO\": \"02\", \"SOP_NPDD\": [\"Другие нарушения ПДД водителем\"], \"SAFETY_BELT\": \"Да\", \"S_SM\": \"Нет (не скрывался)\", \"N_UCH\": \"2\", \"S_SEAT_GROUP\": \"\", \"INJURED_CARD_ID\": \"\"}]}], \"n_p\": \"г Анадырь\", \"street\": \"ул Рультытегина\", \"house\": \"35а\", \"dor\": \"\", \"km\": \"\", \"m\": \"\", \"k_ul\": \"Улицы и дороги местного значения научно-производственных промышленных и коммунально-складских районов\", \"dor_k\": \"\", \"dor_z\": \"Не указано\", \"factor\": [\"Сведения отсутствуют\"], \"s_pog\": [\"Ясно\"], \"s_pch\": \"Сухое\", \"osv\": \"Светлое время суток\", \"change_org_motion\": \"Режим движения не изменялся\", \"s_dtp\": \"140\", \"COORD_W\": \"64.7364\", \"COORD_L\": \"177.4925\", \"OBJ_DTP\": [\"Отсутствие в непосредственной близости объектов УДС и объектов притяжения\"], \"uchInfo\": []}}, {\"KartId\": 193660212, \"rowNum\": 5, \"date\": \"31.05.2016\", \"Time\": \"19:20\", \"District\": \"г.Анадырь\", \"DTP_V\": \"Наезд на пешехода\", \"POG\": 0, \"RAN\": 1, \"K_TS\": 1, \"K_UCH\": 2, \"infoDtp\": {\"ndu\": [\"Отсутствие, плохая различимость горизонтальной разметки проезжей части\"], \"sdor\": [\"Перегон (нет объектов на месте ДТП)\", \"Регулируемый пешеходный переход\"], \"ts_info\": [{\"n_ts\": \"1\", \"ts_s\": \"Нет\", \"t_ts\": \"В-класс (малый) до 3,9 м\", \"marka_ts\": \"NISSAN\", \"m_ts\": \"Прочие модели Nissan\", \"color\": \"Белый\", \"r_rul\": \"Передний\", \"g_v\": \"2007\", \"m_pov\": \"Передний левый угол\", \"t_n\": \"Технические неисправности отсутствуют\", \"f_sob\": \"Частная собственность\", \"o_pf\": \"Физические лица\", \"ts_uch\": [{\"K_UCH\": \"Водитель\", \"NPDD\": [\"Нарушение правил проезда пешеходного перехода\"], \"S_T\": \"Не пострадал\", \"POL\": \"Мужской\", \"V_ST\": \"29\", \"ALCO\": \"\", \"SOP_NPDD\": [\"Нет нарушений\"], \"SAFETY_BELT\": \"Да\", \"S_SM\": \"Нет (не скрывался)\", \"N_UCH\": \"1\", \"S_SEAT_GROUP\": \"\", \"INJURED_CARD_ID\": \"\"}]}], \"n_p\": \"г Анадырь\", \"street\": \"ул Отке\", \"house\": \"46\", \"dor\": \"\", \"km\": \"\", \"m\": \"\", \"k_ul\": \"Магистральные улицы общегородского значения\", \"dor_k\": \"\", \"dor_z\": \"Не указано\", \"factor\": [\"Сведения отсутствуют\"], \"s_pog\": [\"Ясно\"], \"s_pch\": \"Сухое\", \"osv\": \"Светлое время суток\", \"change_org_motion\": \"Режим движения не изменялся\", \"s_dtp\": \"720\", \"COORD_W\": \"64.7364\", \"COORD_L\": \"177.4925\", \"OBJ_DTP\": [\"Многоквартирные жилые дома\"], \"uchInfo\": [{\"K_UCH\": \"Пешеход\", \"NPDD\": [\"Нет нарушений\"], \"S_T\": \"Раненый, находящийся (находившийся)  на амбулаторном лечении, либо которому по характеру полученных травм обозначена необходимость амбулаторного лечения (вне зависимости от его фактического прохождения)\", \"POL\": \"Мужской\", \"V_ST\": \"\", \"ALCO\": \"\", \"SOP_NPDD\": [\"Нет нарушений\"], \"S_SM\": \"Нет (не скрывался)\", \"N_UCH\": \"2\"}]}}, {\"KartId\": 190876230, \"rowNum\": 6, \"date\": \"24.01.2016\", \"Time\": \"16:30\", \"District\": \"г.Анадырь\", \"DTP_V\": \"Наезд на пешехода\", \"POG\": 0, \"RAN\": 1, \"K_TS\": 1, \"K_UCH\": 2, \"infoDtp\": {\"ndu\": [\"Не установлены\"], \"sdor\": [\"Перегон (нет объектов на месте ДТП)\", \"Внутридворовая территория\"], \"ts_info\": [{\"n_ts\": \"1\", \"ts_s\": \"до 1 сут.\", \"t_ts\": \"В-класс (малый) до 3,9 м\", \"marka_ts\": \"MITSUBISHI\", \"m_ts\": \"Delica\", \"color\": \"Синий\", \"r_rul\": \"Полноприводный\", \"g_v\": \"1991\", \"m_pov\": \"\", \"t_n\": \"Технические неисправности отсутствуют\", \"f_sob\": \"Частная собственность\", \"o_pf\": \"Физические лица\", \"ts_uch\": [{\"K_UCH\": \"Водитель\", \"NPDD\": [\"Нет нарушений\"], \"S_T\": \"Не пострадал\", \"POL\": \"Мужской\", \"V_ST\": \"15\", \"ALCO\": \"\", \"SOP_NPDD\": [\"Оставление места ДТП\"], \"SAFETY_BELT\": \"Да\", \"S_SM\": \"Скрылся, впоследствии разыскан (установлен)\", \"N_UCH\": \"2\", \"S_SEAT_GROUP\": \"\", \"INJURED_CARD_ID\": \"\"}]}], \"n_p\": \"г Анадырь\", \"street\": \"\", \"house\": \"\", \"dor\": \"А-384 подъездная дорога от г. Анадыря к аэропорту Анадыря (Угольный)\", \"km\": \"5\", \"m\": \"323\", \"k_ul\": \"Вне НП\", \"dor_k\": \"6\", \"dor_z\": \"Федеральная (дорога федерального значения)\", \"factor\": [\"Сведения отсутствуют\"], \"s_pog\": [\"Ясно\"], \"s_pch\": \"Обработанное противогололедными материалами\", \"osv\": \"Сумерки\", \"change_org_motion\": \"Режим движения не изменялся\", \"s_dtp\": \"890\", \"COORD_W\": \"64.7364\", \"COORD_L\": \"177.4925\", \"OBJ_DTP\": [\"Административные здания\", \"Многоквартирные жилые дома\"], \"uchInfo\": [{\"K_UCH\": \"Пешеход\", \"NPDD\": [\"Неожиданный выход из-за стоящего ТС\"], \"S_T\": \"Раненый, находящийся (находившийся)  на амбулаторном лечении, либо которому по характеру полученных травм обозначена необходимость амбулаторного лечения (вне зависимости от его фактического прохождения)\", \"POL\": \"Мужской\", \"V_ST\": \"\", \"ALCO\": \"\", \"SOP_NPDD\": [\"Нет нарушений\"], \"S_SM\": \"Нет (не скрывался)\", \"N_UCH\": \"1\"}]}}]}"}